1,0,0,0,87.117253,3.5034344e-19,0,0.19347313
2,0.001,4.3558637e-05,0.087117294,87.117355,9.673677e-08,0.00019347394,0.19347514
3,0.002,0.00017423467,0.17423483,87.117665,3.8694952e-07,0.0003869527,0.19348131
4,0.003,0.00039202847,0.26135284,87.118184,8.7064555e-07,0.00058044103,0.19349184
5,0.004,0.00069694061,0.34847155,87.118881,1.5478368e-06,0.00077394375,0.19350624
6,0.005,0.001088972,0.43559123,87.119635,2.418542e-06,0.00096746676,0.19352213
7,0.006,0.0015681239,0.52271212,87.120473,3.4827878e-06,0.0011610159,0.19354015
8,0.007,0.0021343974,0.60983426,87.121584,4.7405981e-06,0.0013545925,0.19356442
9,0.008,0.0027877937,0.69695785,87.122917,6.1920025e-06,0.0015482014,0.19359412
10,0.009,0.0035283146,0.78408305,87.124445,7.8370357e-06,0.0017418476,0.19362884
11,0.01,0.0043559616,0.87121005,87.126147,9.6757372e-06,0.0019355357,0.19366834
12,0.011,0.0052707365,0.95833899,87.128008,1.1708151e-05,0.0021292703,0.19371252
13,0.012,0.0062726416,1.04547,87.130018,1.3934327e-05,0.002323056,0.1937613
14,0.013,0.0073616787,1.1326033,87.132164,1.6354317e-05,0.0025168973,0.19381463
15,0.014,0.0085378503,1.2197388,87.134436,1.8968179e-05,0.0027107987,0.19387248
16,0.015,0.0098011588,1.3068768,87.136824,2.1775977e-05,0.0029047647,0.19393483
17,0.016,0.011151607,1.3940174,87.13932,2.4777775e-05,0.0030987998,0.19400165
18,0.017,0.012589196,1.4811606,87.141912,2.7973647e-05,0.0032929084,0.19407293
19,0.018,0.01411393,1.5683065,87.144592,3.1363668e-05,0.0034870949,0.19414863
20,0.019,0.015725812,1.6554553,87.147351,3.4947917e-05,0.0036813637,0.19422875
21,0.02,0.017424844,1.7426069,87.150178,3.872648e-05,0.0038757192,0.19431325
22,0.021,0.019211029,1.8297614,87.153066,4.2699444e-05,0.0040701657,0.19440213
23,0.022,0.02108437,1.9169189,87.156004,4.6866904e-05,0.0042647077,0.19449537
24,0.023,0.023044869,2.0040793,87.158983,5.1228957e-05,0.0044593494,0.19459294
25,0.024,0.025092531,2.0912428,87.161996,5.5785705e-05,0.0046540952,0.19469483
26,0.025,0.027227358,2.1784094,87.165032,6.0537254e-05,0.0048489494,0.19480103
27,0.026,0.029449353,2.265579,87.168083,6.5483714e-05,0.0050439161,0.1949115
28,0.027,0.031758519,2.3527517,87.171139,7.0625201e-05,0.0052389997,0.19502625
29,0.028,0.034154859,2.4399274,87.174193,7.5961833e-05,0.0054342044,0.19514524
30,0.029,0.036638377,2.5271061,87.177236,8.1493733e-05,0.0056295345,0.19526847
31,0.03,0.039209075,2.6142879,87.180258,8.7221029e-05,0.0058249942,0.19539591
32,0.031,0.041866956,2.7014726,87.183252,9.3143853e-05,0.0060205875,0.19552755
33,0.032,0.044612023,2.7886603,87.186208,9.926234e-05,0.0062163188,0.19566338
34,0.033,0.047444279,2.8758509,87.189119,0.00010557663,0.0064121922,0.19580337
35,0.034,0.050363728,2.9630443,87.191976,0.00011208687,0.0066082118,0.19594752
36,0.035,0.053370371,3.0502405,87.194771,0.0001187932,0.0068043817,0.1960958
37,0.036,0.056464211,3.1374393,87.197495,0.00012569578,0.0070007061,0.19624821
38,0.037,0.059645252,3.2246408,87.200141,0.00013279477,0.0071971891,0.19640473
39,0.038,0.062913495,3.3118448,87.2027,0.00014009032,0.0073938348,0.19656534
40,0.039,0.066268944,3.3990512,87.205164,0.00014758261,0.0075906471,0.19673002
41,0.04,0.0697116,3.4862599,87.207525,0.00015527179,0.0077876303,0.19689877
42,0.041,0.073241466,3.5734708,87.209775,0.00016315804,0.0079847883,0.19707157
43,0.042,0.076858544,3.6606838,87.211907,0.00017124154,0.0081821251,0.19724841
44,0.043,0.080562836,3.7478987,87.213913,0.00017952247,0.0083796448,0.19742927
45,0.044,0.084354343,3.8351154,87.215784,0.00018800101,0.0085773514,0.19761414
46,0.045,0.088233068,3.9223338,87.217514,0.00019667736,0.0087752488,0.19780301
47,0.046,0.092199012,4.0095537,87.219094,0.0002055517,0.0089733411,0.19799586
48,0.047,0.096252177,4.0967749,87.220518,0.00021462424,0.0091716322,0.19819268
49,0.048,0.10039256,4.1839973,87.221777,0.00022389517,0.009370126,0.19839347
50,0.049,0.10462017,4.2712207,87.222864,0.0002333647,0.0095688266,0.19859819
51,0.05,0.10893501,4.3584449,87.223772,0.00024303303,0.0097677378,0.19880686
52,0.051,0.11333706,4.4456698,87.224493,0.00025290039,0.0099668635,0.19901945
53,0.052,0.11782635,4.5328951,87.225021,0.00026296698,0.010166208,0.19923594
54,0.053,0.12240285,4.6201206,87.225348,0.00027323302,0.010365774,0.19945634
55,0.054,0.12706659,4.7073461,87.225467,0.00028369875,0.010565567,0.19968063
56,0.055,0.13181755,4.7945714,87.225371,0.00029436438,0.01076559,0.1999088
57,0.056,0.13665573,4.8817963,87.225053,0.00030523016,0.010965847,0.20014084
58,0.057,0.14158114,4.9690205,87.224505,0.00031629631,0.011166341,0.20037673
59,0.058,0.14659377,5.0562439,87.223723,0.00032756308,0.011367078,0.20061648
60,0.059,0.15169362,5.1434661,87.222697,0.00033903071,0.01156806,0.20086006
61,0.06,0.1568807,5.2306868,87.221422,0.00035069945,0.011769291,0.20110747
62,0.061,0.162155,5.317906,87.219891,0.00036256955,0.011970775,0.20135869
63,0.062,0.16751651,5.4051232,87.218097,0.00037464125,0.012172516,0.20161373
64,0.063,0.17296524,5.4923382,87.216034,0.00038691484,0.012374518,0.20187257
65,0.064,0.17850118,5.5795507,87.213695,0.00039939055,0.012576785,0.2021352
66,0.065,0.18412434,5.6667605,87.211074,0.00041206867,0.01277932,0.20240161
67,0.066,0.1898347,5.7539672,87.208164,0.00042494946,0.012982127,0.20267179
68,0.067,0.19563227,5.8411705,87.20496,0.0004380332,0.013185209,0.20294575
69,0.068,0.20151704,5.9283702,87.201454,0.00045132016,0.013388572,0.20322346
70,0.069,0.20748901,6.015566,87.197641,0.00046481062,0.013592217,0.20350492
71,0.07,0.21354817,6.1027574,87.193514,0.00047850488,0.01379615,0.20379012
72,0.071,0.21969452,6.1899443,87.189067,0.00049240321,0.014000374,0.20407906
73,0.072,0.22592805,6.2771262,87.184295,0.00050650592,0.014204892,0.20437173
74,0.073,0.23224877,6.3643028,87.179192,0.00052081329,0.014409708,0.20466812
75,0.074,0.23865665,6.4514738,87.17375,0.00053532564,0.014614826,0.20496823
76,0.075,0.24515171,6.5386389,87.167965,0.00055004325,0.01482025,0.20527204
77,0.076,0.25173392,6.6257977,87.161831,0.00056496644,0.015025983,0.20557956
78,0.077,0.2584033,6.7129498,87.155342,0.00058009553,0.01523203,0.20589077
79,0.078,0.26515982,6.8000948,87.148492,0.00059543082,0.015438393,0.20620568
80,0.079,0.27200348,6.8872325,87.141276,0.00061097263,0.015645077,0.20652426
81,0.08,0.27893427,6.9743624,87.133689,0.00062672129,0.015852084,0.20684653
82,0.081,0.2859522,7.0614841,87.125723,0.00064267713,0.01605942,0.20717247
83,0.082,0.29305723,7.1485973,87.117375,0.00065884046,0.016267087,0.20750208
84,0.083,0.30024938,7.2357016,87.108639,0.00067521163,0.016475089,0.20783535
85,0.084,0.30752863,7.3227966,87.099509,0.00069179098,0.016683429,0.20817229
86,0.085,0.31489496,7.4098818,87.089981,0.00070857883,0.016892112,0.20851288
87,0.086,0.32234838,7.4969569,87.080048,0.00072557555,0.017101142,0.20885712
88,0.087,0.32988887,7.5840214,87.069706,0.00074278146,0.017310521,0.209205
89,0.088,0.33751641,7.671075,87.05895,0.00076019694,0.017520253,0.20955653
90,0.089,0.34523101,7.7581172,87.047775,0.00077782232,0.017730342,0.2099117
91,0.09,0.35303264,7.8451475,87.036175,0.00079565798,0.017940792,0.21027051
92,0.091,0.36092129,7.9321657,87.024146,0.00081370427,0.018151606,0.21063295
93,0.092,0.36889696,8.0191711,87.011682,0.00083196156,0.018362788,0.21099902
94,0.093,0.37695962,8.1061634,86.99878,0.00085043022,0.018574342,0.21136872
95,0.094,0.38510927,8.1931422,86.985434,0.00086911062,0.018786271,0.21174204
96,0.095,0.39334589,8.2801069,86.971639,0.00088800314,0.018998578,0.21211898
97,0.096,0.40166947,8.3670572,86.957391,0.00090710815,0.019211268,0.21249955
98,0.097,0.41007999,8.4539925,86.942685,0.00092642606,0.019424344,0.21288373
99,0.098,0.41857744,8.5409125,86.927517,0.00094595723,0.019637809,0.21327153
100,0.099,0.4271618,8.6278165,86.911882,0.00096570207,0.019851668,0.21366294
101,0.1,0.43583306,8.7147043,86.895776,0.00098566096,0.020065923,0.21405797
102,0.101,0.44459119,8.8015752,86.879195,0.0010058343,0.020280579,0.21445661
103,0.102,0.45343619,8.8884288,86.862133,0.0010262225,0.020495639,0.21485886
104,0.103,0.46236803,8.9752646,86.844587,0.001046826,0.020711107,0.21526473
105,0.104,0.4713867,9.0620821,86.826553,0.0010676451,0.020926986,0.2156742
106,0.105,0.48049218,9.1488809,86.808026,0.0010886804,0.02114328,0.21608729
107,0.106,0.48968444,9.2356604,86.789002,0.0011099321,0.021359992,0.21650398
108,0.107,0.49896348,9.3224201,86.769477,0.0011314008,0.021577126,0.21692428
109,0.108,0.50832926,9.4091595,86.749448,0.0011530868,0.021794687,0.2173482
110,0.109,0.51778178,9.4958782,86.72891,0.0011749906,0.022012676,0.21777572
111,0.11,0.527321,9.5825755,86.707859,0.0011971126,0.022231098,0.21820686
112,0.111,0.53694691,9.669251,86.686292,0.0012194532,0.022449957,0.21864161
113,0.112,0.54665948,9.7559042,86.664204,0.0012420129,0.022669257,0.21907997
114,0.113,0.55645869,9.8425345,86.641593,0.0012647922,0.022889,0.21952195
115,0.114,0.56634452,9.9291413,86.618454,0.0012877914,0.02310919,0.21996754
116,0.115,0.57631695,10.015724,86.594783,0.001311011,0.023329831,0.22041675
117,0.116,0.58637595,10.102283,86.570578,0.0013344515,0.023550927,0.22086958
118,0.117,0.59652149,10.188816,86.545834,0.0013581133,0.023772481,0.22132603
119,0.118,0.60675355,10.275324,86.520548,0.0013819969,0.023994498,0.22178611
120,0.119,0.61707211,10.361806,86.494717,0.0014061028,0.024216979,0.22224981
121,0.12,0.62747714,10.448261,86.468338,0.0014304313,0.02443993,0.22271714
122,0.121,0.63796861,10.534689,86.441406,0.0014549831,0.024663354,0.2231881
123,0.122,0.64854649,10.621089,86.413919,0.0014797585,0.024887254,0.2236627
124,0.123,0.65921076,10.707461,86.385874,0.0015047581,0.025111634,0.22414093
125,0.124,0.66996138,10.793804,86.357267,0.0015299823,0.025336497,0.22462281
126,0.125,0.68079834,10.880118,86.328096,0.0015554316,0.025561849,0.22510833
127,0.126,0.69172159,10.966401,86.298357,0.0015811065,0.025787691,0.2255975
128,0.127,0.70273111,11.052654,86.268047,0.0016070074,0.026014027,0.22609032
129,0.128,0.71382687,11.138876,86.237163,0.001633135,0.026240862,0.2265868
130,0.129,0.72500883,11.225066,86.205703,0.0016594897,0.026468199,0.22708694
131,0.13,0.73627697,11.311223,86.173663,0.0016860719,0.026696042,0.22759075
132,0.131,0.74763124,11.397348,86.141041,0.0017128823,0.026924394,0.22809823
133,0.132,0.75907163,11.483439,86.107835,0.0017399212,0.027153259,0.22860938
134,0.133,0.77059809,11.569496,86.07404,0.0017671893,0.027382641,0.22912422
135,0.134,0.78221059,11.655519,86.039656,0.001794687,0.027612543,0.22964274
136,0.135,0.79390909,11.741506,86.004678,0.0018224149,0.027842969,0.23016495
137,0.136,0.80569356,11.827457,85.969105,0.0018503735,0.028073923,0.23069086
138,0.137,0.81756397,11.913372,85.932935,0.0018785633,0.028305408,0.23122047
139,0.138,0.82952027,11.99925,85.896164,0.0019069848,0.028537428,0.2317538
140,0.139,0.84156243,12.08509,85.85879,0.0019356387,0.028769988,0.23229083
141,0.14,0.85369041,12.170892,85.820811,0.0019645253,0.02900309,0.2328316
142,0.141,0.86590418,12.256655,85.782225,0.0019936454,0.029236738,0.23337609
143,0.142,0.87820368,12.342378,85.743029,0.0020229994,0.029470936,0.23392431
144,0.143,0.89058889,12.428062,85.703222,0.0020525878,0.029705689,0.23447628
145,0.144,0.90305977,12.513704,85.662801,0.0020824113,0.029940998,0.235032
146,0.145,0.91561626,12.599305,85.621763,0.0021124704,0.03017687,0.23559148
147,0.146,0.92825834,12.684865,85.580108,0.0021427656,0.030413306,0.23615472
148,0.147,0.94098595,12.770381,85.537833,0.0021732976,0.030650311,0.23672174
149,0.148,0.95379905,12.855855,85.494936,0.0022040668,0.030887889,0.23729254
150,0.149,0.96669761,12.941284,85.451415,0.0022350739,0.031126044,0.23786713
151,0.15,0.97968158,13.02667,85.407268,0.0022663195,0.031364778,0.23844552
152,0.151,0.99275091,13.11201,85.362494,0.002297804,0.031604097,0.23902771
153,0.152,1.0059056,13.197304,85.317091,0.0023295282,0.031844004,0.23961372
154,0.153,1.0191455,13.282552,85.271057,0.0023614926,0.032084502,0.24020355
155,0.154,1.0324706,13.367753,85.224391,0.0023936978,0.032325596,0.24079722
156,0.155,1.0458809,13.452907,85.17709,0.0024261444,0.03256729,0.24139473
157,0.156,1.0593764,13.538012,85.129154,0.002458833,0.032809587,0.24199609
158,0.157,1.0729569,13.623068,85.08058,0.0024917642,0.033052491,0.24260132
159,0.158,1.0866225,13.708075,85.031368,0.0025249386,0.033296006,0.24321042
160,0.159,1.100373,13.793032,84.981516,0.0025583568,0.033540135,0.2438234
161,0.16,1.1142085,13.877937,84.931022,0.0025920195,0.033784884,0.24444028
162,0.161,1.1281288,13.962792,84.879886,0.0026259272,0.034030256,0.24506106
163,0.162,1.142134,14.047594,84.828106,0.0026600806,0.034276254,0.24568575
164,0.163,1.156224,14.132343,84.775681,0.0026944804,0.034522882,0.24631437
165,0.164,1.1703986,14.217039,84.72261,0.002729127,0.034770146,0.24694692
166,0.165,1.184658,14.301681,84.668891,0.0027640213,0.035018047,0.24758343
167,0.166,1.199002,14.386269,84.614523,0.0027991638,0.035266591,0.24822389
168,0.167,1.2134305,14.470801,84.559507,0.0028345551,0.035515782,0.24886832
169,0.168,1.2279435,14.555277,84.503839,0.002870196,0.035765623,0.24951674
170,0.169,1.242541,14.639696,84.44752,0.002906087,0.036016118,0.25016915
171,0.17,1.2572228,14.724058,84.390549,0.0029422289,0.036267272,0.25082557
172,0.171,1.271989,14.808362,84.332925,0.0029786222,0.036519088,0.25148601
173,0.172,1.2868395,14.892608,84.274647,0.0030152677,0.036771571,0.25215048
174,0.173,1.3017742,14.976794,84.215714,0.003052166,0.037024724,0.25281899
175,0.174,1.316793,15.06092,84.156126,0.0030893178,0.037278552,0.25349157
176,0.175,1.331896,15.144986,84.095882,0.0031267238,0.037533059,0.25416821
177,0.176,1.3470829,15.228991,84.034981,0.0031643846,0.037788248,0.25484894
178,0.177,1.3623539,15.312933,83.973424,0.003202301,0.038044124,0.25553377
179,0.178,1.3777087,15.396813,83.911208,0.0032404736,0.038300691,0.25622271
180,0.179,1.3931474,15.48063,83.848334,0.0032789031,0.038557954,0.25691578
181,0.18,1.4086699,15.564383,83.784802,0.0033175902,0.038815915,0.25761299
182,0.181,1.4242762,15.648072,83.720611,0.0033565356,0.03907458,0.25831435
183,0.182,1.439966,15.731695,83.655761,0.00339574,0.039333953,0.25901988
184,0.183,1.4557395,15.815253,83.590251,0.0034352042,0.039594037,0.2597296
185,0.184,1.4715965,15.898744,83.524081,0.0034749288,0.039854838,0.26044352
186,0.185,1.4875369,15.982168,83.457252,0.0035149146,0.040116359,0.26116165
187,0.186,1.5035607,16.065524,83.389762,0.0035551623,0.040378604,0.26188401
188,0.187,1.5196679,16.148811,83.321612,0.0035956725,0.040641578,0.26261061
189,0.188,1.5358583,16.23203,83.252802,0.0036364462,0.040905285,0.26334148
190,0.189,1.5521319,16.315178,83.183331,0.0036774838,0.041169729,0.26407662
191,0.19,1.5684886,16.398256,83.1132,0.0037187864,0.041434915,0.26481605
192,0.191,1.5849283,16.481263,83.042409,0.0037603544,0.041700846,0.2655598
193,0.192,1.601451,16.564198,82.970958,0.0038021888,0.041967528,0.26630787
194,0.193,1.6180566,16.647061,82.898848,0.0038442902,0.042234965,0.26706028
195,0.194,1.6347451,16.729851,82.826077,0.0038866595,0.04250316,0.26781705
196,0.195,1.6515163,16.812567,82.752647,0.0039292973,0.042772119,0.2685782
197,0.196,1.6683701,16.895208,82.678558,0.0039722045,0.043041845,0.26934374
198,0.197,1.6853066,16.977775,82.60381,0.0040153818,0.043312344,0.27011369
199,0.198,1.7023256,17.060266,82.528404,0.0040588299,0.043583619,0.27088807
200,0.199,1.7194271,17.14268,82.45234,0.0041025498,0.043855676,0.2716669
201,0.2,1.7366109,17.225017,82.375618,0.0041465421,0.044128517,0.27245019
202,0.201,1.753877,17.307277,82.298239,0.0041908076,0.044402149,0.27323797
203,0.202,1.7712254,17.389458,82.220204,0.0042353472,0.044676576,0.27403024
204,0.203,1.7886559,17.47156,82.141513,0.0042801616,0.044951801,0.27482704
205,0.204,1.8061684,17.553583,82.062167,0.0043252516,0.04522783,0.27562838
206,0.205,1.8237629,17.635525,81.982167,0.004370618,0.045504667,0.27643427
207,0.206,1.8414394,17.717386,81.901512,0.0044162617,0.045782317,0.27724474
208,0.207,1.8591976,17.799165,81.820205,0.0044621835,0.046060785,0.2780598
209,0.208,1.8770376,17.880863,81.738246,0.0045083841,0.046340074,0.27887948
210,0.209,1.8949593,17.962477,81.655635,0.0045548644,0.04662019,0.2797038
211,0.21,1.9129625,18.044008,81.572374,0.0046016253,0.046901137,0.28053277
212,0.211,1.9310472,18.125454,81.488463,0.0046486676,0.04718292,0.28136642
213,0.212,1.9492133,18.206816,81.403905,0.004695992,0.047465544,0.28220477
214,0.213,1.9674607,18.288092,81.318698,0.0047435995,0.047749014,0.28304783
215,0.214,1.9857894,18.369282,81.232845,0.0047914909,0.048033333,0.28389563
216,0.215,2.0041992,18.450385,81.146347,0.004839667,0.048318508,0.28474818
217,0.216,2.0226901,18.531401,81.059205,0.0048881287,0.048604542,0.28560552
218,0.217,2.0412619,18.612328,80.971421,0.0049368769,0.048891441,0.28646766
219,0.218,2.0599147,18.693167,80.882994,0.0049859125,0.049179209,0.28733462
220,0.219,2.0786482,18.773916,80.793927,0.0050352362,0.049467851,0.28820643
221,0.22,2.0974624,18.854576,80.704221,0.0050848491,0.049757372,0.2890831
222,0.221,2.1163572,18.935144,80.613878,0.0051347519,0.050047778,0.28996466
223,0.222,2.1353326,19.015622,80.522898,0.0051849455,0.050339072,0.29085113
224,0.223,2.1543884,19.096007,80.431283,0.0052354309,0.050631261,0.29174253
225,0.224,2.1735245,19.1763,80.339035,0.0052862089,0.050924348,0.29263889
226,0.225,2.1927409,19.2565,80.246156,0.0053372805,0.051218338,0.29354023
227,0.226,2.2120374,19.336606,80.152646,0.0053886465,0.051513238,0.29444658
228,0.227,2.231414,19.416617,80.058507,0.0054403079,0.051809052,0.29535794
229,0.228,2.2508706,19.496534,79.963742,0.0054922655,0.052105784,0.29627436
230,0.229,2.270407,19.576354,79.868351,0.0055445204,0.052403441,0.29719585
231,0.23,2.2900232,19.656079,79.772337,0.0055970733,0.052702027,0.29812244
232,0.231,2.3097191,19.735706,79.675701,0.0056499254,0.053001547,0.29905414
233,0.232,2.3294945,19.815236,79.578445,0.0057030774,0.053302006,0.299991
234,0.233,2.3493494,19.894667,79.480571,0.0057565303,0.05360341,0.30093302
235,0.234,2.3692837,19.974,79.38208,0.0058102851,0.053905764,0.30188024
236,0.235,2.3892973,20.053234,79.282976,0.0058643428,0.054209073,0.30283268
237,0.236,2.4093901,20.132367,79.183259,0.0059187042,0.054513342,0.30379036
238,0.237,2.429562,20.2114,79.082932,0.0059733704,0.054818577,0.30475331
239,0.238,2.4498128,20.290331,78.981997,0.0060283424,0.055124783,0.30572156
240,0.239,2.4701425,20.369161,78.880456,0.006083621,0.055431965,0.30669513
241,0.24,2.490551,20.447888,78.778311,0.0061392073,0.055740128,0.30767405
242,0.241,2.5110382,20.526513,78.675564,0.0061951022,0.056049279,0.30865834
243,0.242,2.5316039,20.605033,78.572217,0.0062513068,0.056359421,0.30964803
244,0.243,2.5522482,20.683449,78.468273,0.0063078221,0.056670562,0.31064315
245,0.244,2.5729707,20.761761,78.363734,0.0063646489,0.056982706,0.31164372
246,0.245,2.5937716,20.839967,78.258603,0.0064217885,0.057295859,0.31264977
247,0.246,2.6146506,20.918067,78.152881,0.0064792417,0.057610026,0.31366133
248,0.247,2.6356076,20.99606,78.046571,0.0065370095,0.057925213,0.31467842
249,0.248,2.6566426,21.073947,77.939675,0.0065950931,0.058241425,0.31570108
250,0.249,2.6777554,21.151725,77.832197,0.0066534934,0.058558669,0.31672933
251,0.25,2.6989459,21.229395,77.724138,0.0067122115,0.058876949,0.3177632
252,0.251,2.7202141,21.306956,77.615502,0.0067712484,0.059196271,0.31880271
253,0.252,2.7415597,21.384408,77.50629,0.0068306051,0.059516642,0.3198479
254,0.253,2.7629828,21.46175,77.396505,0.0068902827,0.059838066,0.32089879
255,0.254,2.7844831,21.538981,77.286151,0.0069502823,0.06016055,0.32195542
256,0.255,2.8060606,21.6161,77.175229,0.0070106049,0.060484099,0.32301781
257,0.256,2.8277152,21.693108,77.063743,0.0070712515,0.060808719,0.32408599
258,0.257,2.8494467,21.770004,76.951695,0.0071322234,0.061134416,0.32515999
259,0.258,2.8712551,21.846787,76.839088,0.0071935214,0.061461196,0.32623984
260,0.259,2.8931402,21.923456,76.725925,0.0072551468,0.061789064,0.32732557
261,0.26,2.9151019,22.000011,76.612209,0.0073171007,0.062118027,0.32841721
262,0.261,2.9371401,22.076452,76.497943,0.007379384,0.062448091,0.32951479
263,0.262,2.9592547,22.152778,76.38313,0.007441998,0.062779261,0.33061835
264,0.263,2.9814455,22.228988,76.267773,0.0075049436,0.063111544,0.3317279
265,0.264,3.0037125,22.305082,76.151874,0.0075682222,0.063444945,0.33284349
266,0.265,3.0260556,22.381059,76.035438,0.0076318346,0.063779471,0.33396515
267,0.266,3.0484745,22.456919,75.918467,0.0076957822,0.064115128,0.3350929
268,0.267,3.0709693,22.532661,75.800964,0.007760066,0.064451921,0.33622678
269,0.268,3.0935398,22.608285,75.682933,0.0078246872,0.064789858,0.33736681
270,0.269,3.1161858,22.68379,75.564376,0.0078896469,0.065128944,0.33851304
271,0.27,3.1389072,22.759176,75.445298,0.0079549462,0.065469186,0.3396655
272,0.271,3.161704,22.834442,75.325701,0.0080205864,0.06581059,0.34082421
273,0.272,3.184576,22.909588,75.205589,0.0080865686,0.066153161,0.3419892
274,0.273,3.2075231,22.984612,75.084964,0.0081528939,0.066496907,0.34316052
275,0.274,3.2305451,23.059516,74.963832,0.0082195636,0.066841835,0.3443382
276,0.275,3.253642,23.134297,74.842194,0.0082865788,0.067187949,0.34552226
277,0.276,3.2768136,23.208956,74.720055,0.0083539407,0.067535257,0.34671275
278,0.277,3.3000597,23.283492,74.597418,0.0084216505,0.067883765,0.34790969
279,0.278,3.3233804,23.357905,74.474287,0.0084897094,0.06823348,0.34911312
280,0.279,3.3467754,23.432194,74.350665,0.0085581187,0.068584408,0.35032308
281,0.28,3.3702447,23.506358,74.226556,0.0086268794,0.068936556,0.3515396
282,0.281,3.393788,23.580398,74.101963,0.008695993,0.06928993,0.35276271
283,0.282,3.4174053,23.654312,73.976891,0.0087654605,0.069644537,0.35399244
284,0.283,3.4410965,23.728101,73.851343,0.0088352833,0.070000384,0.35522884
285,0.284,3.4648614,23.801763,73.725323,0.0089054625,0.070357478,0.35647194
286,0.285,3.4886999,23.875299,73.598834,0.0089759995,0.070715825,0.35772178
287,0.286,3.5126119,23.948707,73.471881,0.0090468954,0.071075431,0.35897838
288,0.287,3.5365972,24.021988,73.344467,0.0091181516,0.071436305,0.36024179
289,0.288,3.5606557,24.09514,73.216597,0.0091897693,0.071798452,0.36151205
290,0.289,3.5847874,24.168165,73.088274,0.0092617498,0.07216188,0.36278918
291,0.29,3.6089919,24.24106,72.959502,0.0093340944,0.072526595,0.36407323
292,0.291,3.6332694,24.313825,72.830286,0.0094068043,0.072892605,0.36536424
293,0.292,3.6576195,24.386461,72.700629,0.0094798809,0.073259916,0.36666223
294,0.293,3.6820421,24.458967,72.570536,0.0095533254,0.073628536,0.36796725
295,0.294,3.7065373,24.531341,72.44001,0.0096271393,0.073998471,0.36927934
296,0.295,3.7311047,24.603585,72.309056,0.0097013237,0.074369729,0.37059853
297,0.296,3.7557443,24.675697,72.177679,0.00977588,0.074742317,0.37192486
298,0.297,3.780456,24.747677,72.045881,0.0098508097,0.075116242,0.37325837
299,0.298,3.8052395,24.819524,71.913669,0.0099261139,0.075491512,0.3745991
300,0.299,3.8300949,24.891239,71.781045,0.010001794,0.075868133,0.37594708
301,0.3,3.8550219,24.962821,71.648015,0.010077851,0.076246113,0.37730236
302,0.301,3.8800204,25.034269,71.514582,0.010154288,0.076625459,0.37866498
303,0.302,3.9050903,25.105582,71.380751,0.010231104,0.077006179,0.38003498
304,0.303,3.9302314,25.176762,71.246527,0.010308301,0.07738828,0.38141238
305,0.304,3.9554437,25.247806,71.111914,0.010385882,0.07777177,0.38279725
306,0.305,3.9807269,25.318716,70.976916,0.010463846,0.078156656,0.3841896
307,0.306,4.006081,25.38949,70.841539,0.010542196,0.078542945,0.3855895
308,0.307,4.0315057,25.460128,70.705786,0.010620934,0.078930646,0.38699697
309,0.308,4.0570011,25.530629,70.569662,0.010700059,0.079319765,0.38841205
310,0.309,4.0825669,25.600994,70.433173,0.010779575,0.079710312,0.3898348
311,0.31,4.1082029,25.671222,70.296322,0.010859481,0.080102292,0.39126524
312,0.311,4.1339092,25.741313,70.159114,0.010939781,0.080495715,0.39270343
313,0.312,4.1596854,25.811265,70.021555,0.011020474,0.080890587,0.3941494
314,0.313,4.1855316,25.88108,69.883648,0.011101563,0.081286917,0.39560319
315,0.314,4.2114474,25.950756,69.7454,0.011183049,0.081684713,0.39706486
316,0.315,4.2374329,26.020294,69.606814,0.011264934,0.082083982,0.39853443
317,0.316,4.2634879,26.089692,69.467895,0.011347219,0.082484733,0.40001196
318,0.317,4.2896122,26.158951,69.328649,0.011429905,0.082886973,0.40149749
319,0.318,4.3158057,26.228071,69.18908,0.011512994,0.083290711,0.40299105
320,0.319,4.3420682,26.29705,69.049194,0.011596488,0.083695954,0.4044927
321,0.32,4.3683996,26.365889,68.908995,0.011680388,0.084102712,0.40600248
322,0.321,4.3947998,26.434587,68.768489,0.011764695,0.084510991,0.40752043
323,0.322,4.4212686,26.503144,68.62768,0.011849411,0.084920801,0.40904659
324,0.323,4.447806,26.57156,68.486573,0.011934538,0.085332149,0.41058102
325,0.324,4.4744116,26.639835,68.345175,0.012020077,0.085745044,0.41212375
326,0.325,4.5010855,26.707967,68.203489,0.01210603,0.086159494,0.41367483
327,0.326,4.5278274,26.775958,68.061522,0.012192398,0.086575508,0.41523431
328,0.327,4.5546373,26.843806,67.919278,0.012279182,0.086993095,0.41680223
329,0.328,4.5815149,26.911512,67.776763,0.012366385,0.087412261,0.41837864
330,0.329,4.6084601,26.979074,67.633982,0.012454008,0.087833018,0.41996359
331,0.33,4.6354729,27.046494,67.490941,0.012542053,0.088255371,0.42155711
332,0.331,4.662553,27.11377,67.347644,0.012630521,0.088679332,0.42315926
333,0.332,4.6897003,27.180902,67.204097,0.012719413,0.089104907,0.42477009
334,0.333,4.7169146,27.24789,67.060306,0.012808732,0.089532107,0.42638963
335,0.334,4.7441959,27.314735,66.916277,0.012898479,0.089960939,0.42801795
336,0.335,4.771544,27.381434,66.772013,0.012988656,0.090391412,0.42965508
337,0.336,4.7989586,27.44799,66.627522,0.013079264,0.090823537,0.43130108
338,0.337,4.8264398,27.5144,66.482809,0.013170304,0.09125732,0.43295599
339,0.338,4.8539873,27.580666,66.337879,0.01326178,0.091692772,0.43461986
340,0.339,4.881601,27.646786,66.192738,0.013353692,0.092129901,0.43629275
341,0.34,4.9092807,27.71276,66.047392,0.013446041,0.092568717,0.43797469
342,0.341,4.9370264,27.77859,65.901846,0.013538831,0.093009228,0.43966574
343,0.342,4.9648378,27.844273,65.756106,0.013632061,0.093451444,0.44136595
344,0.343,4.9927148,27.90981,65.610178,0.013725735,0.093895374,0.44307536
345,0.344,5.0206572,27.975201,65.464067,0.013819854,0.094341027,0.44479404
346,0.345,5.048665,28.040446,65.31778,0.013914419,0.094788413,0.44652202
347,0.346,5.076738,28.105544,65.171323,0.014009433,0.095237541,0.44825936
348,0.347,5.104876,28.170495,65.0247,0.014104896,0.095688421,0.45000611
349,0.348,5.1330788,28.2353,64.877918,0.014200811,0.096141061,0.45176233
350,0.349,5.1613464,28.299957,64.730984,0.01429718,0.096595472,0.45352805
351,0.35,5.1896786,28.364468,64.583902,0.014394004,0.097051663,0.45530334
352,0.351,5.2180752,28.428831,64.43668,0.014491285,0.097509644,0.45708825
353,0.352,5.2465361,28.493046,64.289322,0.014589025,0.097969424,0.45888283
354,0.353,5.2750611,28.557114,64.141836,0.014687226,0.098431013,0.46068713
355,0.354,5.3036502,28.621035,63.994227,0.014785889,0.098894422,0.4625012
356,0.355,5.3323031,28.684807,63.846501,0.014885016,0.099359659,0.4643251
357,0.356,5.3610197,28.748432,63.698664,0.01498461,0.099826734,0.46615888
358,0.357,5.3897998,28.811909,63.550723,0.015084672,0.10029566,0.46800259
359,0.358,5.4186433,28.875238,63.402685,0.015185203,0.10076644,0.4698563
360,0.359,5.4475501,28.938418,63.254554,0.015286206,0.10123909,0.47172005
361,0.36,5.47652,29.00145,63.106338,0.015387683,0.10171362,0.47359389
362,0.361,5.5055529,29.064334,62.958042,0.015489635,0.10219004,0.47547789
363,0.362,5.5346485,29.12707,62.809673,0.015592065,0.10266836,0.47737209
364,0.363,5.5638069,29.189657,62.661238,0.015694974,0.10314859,0.47927656
365,0.364,5.5930277,29.252095,62.512743,0.015798364,0.10363074,0.48119134
366,0.365,5.6223109,29.314385,62.364194,0.015902237,0.10411482,0.4831165
367,0.366,5.6516563,29.376526,62.215598,0.016006596,0.10460084,0.4850521
368,0.367,5.6810638,29.438519,62.06696,0.016111441,0.10508881,0.48699817
369,0.368,5.7105332,29.500363,61.918289,0.016216775,0.10557874,0.4889548
370,0.369,5.7400644,29.562058,61.76959,0.016322601,0.10607065,0.49092202
371,0.37,5.7696572,29.623605,61.62087,0.016428919,0.10656454,0.4928999
372,0.371,5.7993114,29.685003,61.472135,0.016535732,0.10706042,0.4948885
373,0.372,5.829027,29.746252,61.323392,0.016643042,0.10755831,0.49688788
374,0.373,5.8588038,29.807352,61.174648,0.01675085,0.10805821,0.49889809
375,0.374,5.8886416,29.868303,61.025909,0.01685916,0.10856014,0.50091919
376,0.375,5.9185403,29.929106,60.877183,0.016967973,0.10906411,0.50295124
377,0.376,5.9484997,29.98976,60.728475,0.01707729,0.10957013,0.5049943
378,0.377,5.9785196,30.050266,60.579793,0.017187115,0.1100782,0.50704843
379,0.378,6.0086,30.110623,60.431144,0.017297449,0.11058835,0.50911369
380,0.379,6.0387407,30.170831,60.282534,0.017408294,0.11110058,0.51119014
381,0.38,6.0689415,30.23089,60.13397,0.017519652,0.1116149,0.51327784
382,0.381,6.0992024,30.290802,59.985459,0.017631526,0.11213132,0.51537685
383,0.382,6.129523,30.350564,59.837008,0.017743917,0.11264987,0.51748723
384,0.383,6.1599033,30.410179,59.688624,0.017856827,0.11317054,0.51960904
385,0.384,6.1903432,30.469645,59.540314,0.01797026,0.11369335,0.52174236
386,0.385,6.2208425,30.528963,59.392085,0.018084216,0.1142183,0.52388722
387,0.386,6.251401,30.588133,59.243944,0.018198699,0.11474543,0.52604371
388,0.387,6.2820186,30.647155,59.095898,0.018313709,0.11527472,0.52821188
389,0.388,6.3126951,30.706029,58.947954,0.01842925,0.1158062,0.53039179
390,0.389,6.3434305,30.764755,58.800119,0.018545324,0.11633988,0.53258352
391,0.39,6.3742245,30.823333,58.652401,0.018661932,0.11687577,0.53478711
392,0.391,6.405077,30.881765,58.504807,0.018779078,0.11741388,0.53700264
393,0.392,6.4359879,30.940048,58.357343,0.018896762,0.11795423,0.53923018
394,0.393,6.466957,30.998184,58.210017,0.019014988,0.11849682,0.54146977
395,0.394,6.4979841,31.056174,58.062837,0.019133758,0.11904166,0.5437215
396,0.395,6.5290692,31.114016,57.915809,0.019253074,0.11958878,0.54598542
397,0.396,6.560212,31.171712,57.768941,0.019372938,0.12013818,0.5482616
398,0.397,6.5914124,31.22926,57.62224,0.019493353,0.12068988,0.55055011
399,0.398,6.6226704,31.286663,57.475714,0.01961432,0.12124388,0.55285101
400,0.399,6.6539856,31.343919,57.32937,0.019735843,0.1218002,0.55516437
401,0.4,6.6853581,31.401029,57.183215,0.019857923,0.12235885,0.55749025
402,0.401,6.7167875,31.457993,57.037257,0.019980563,0.12291985,0.55982873
403,0.402,6.7482739,31.514812,56.891504,0.020103765,0.1234832,0.56217987
404,0.403,6.779817,31.571485,56.745962,0.020227531,0.12404893,0.56454374
405,0.404,6.8114167,31.628013,56.60064,0.020351865,0.12461704,0.5669204
406,0.405,6.8430729,31.684396,56.455545,0.020476768,0.12518754,0.56930993
407,0.406,6.8747854,31.740635,56.310685,0.020602243,0.12576046,0.57171239
408,0.407,6.906554,31.796728,56.166066,0.020728291,0.12633579,0.57412786
409,0.408,6.9383787,31.852678,56.021698,0.020854917,0.12691356,0.5765564
410,0.409,6.9702592,31.908483,55.877587,0.020982121,0.12749378,0.57899808
411,0.41,7.0021955,31.964145,55.733741,0.021109907,0.12807646,0.58145298
412,0.411,7.0341874,32.019664,55.590169,0.021238276,0.12866162,0.58392116
413,0.412,7.0662347,32.075039,55.446877,0.021367232,0.12924926,0.58640269
414,0.413,7.0983373,32.130271,55.303873,0.021496777,0.12983941,0.58889765
415,0.414,7.1304951,32.185361,55.161166,0.021626914,0.13043207,0.59140611
416,0.415,7.1627079,32.240308,55.018763,0.021757644,0.13102726,0.59392814
417,0.416,7.1949756,32.295114,54.876672,0.021888971,0.13162499,0.59646381
418,0.417,7.227298,32.349778,54.734901,0.022020896,0.13222528,0.59901319
419,0.418,7.259675,32.404301,54.593457,0.022153424,0.13282813,0.60157636
420,0.419,7.2921064,32.458683,54.45235,0.022286555,0.13343358,0.60415339
421,0.42,7.3245922,32.512924,54.311586,0.022420293,0.13404162,0.60674436
422,0.421,7.3571322,32.567025,54.171174,0.022554641,0.13465227,0.60934934
423,0.422,7.3897261,32.620986,54.031121,0.022689601,0.13526555,0.6119684
424,0.423,7.422374,32.674808,53.891436,0.022825175,0.13588146,0.61460161
425,0.424,7.4550756,32.72849,53.752127,0.022961366,0.13650004,0.61724907
426,0.425,7.4878308,32.782034,53.613203,0.023098178,0.13712128,0.61991083
427,0.426,7.5206395,32.835439,53.47467,0.023235611,0.1377452,0.62258697
428,0.427,7.5535016,32.888707,53.336537,0.023373671,0.13837183,0.62527758
429,0.428,7.5864168,32.941837,53.198813,0.023512358,0.13900116,0.62798272
430,0.429,7.6193851,32.994829,53.061505,0.023651676,0.13963322,0.63070248
431,0.43,7.6524063,33.047686,52.924622,0.023791627,0.14026803,0.63343693
432,0.431,7.6854803,33.100406,52.788173,0.023932214,0.14090559,0.63618616
433,0.432,7.718607,33.15299,52.652164,0.024073441,0.14154592,0.63895023
434,0.433,7.7517862,33.205439,52.516606,0.024215309,0.14218904,0.64172923
435,0.434,7.7850177,33.257752,52.381505,0.024357822,0.14283496,0.64452323
436,0.435,7.8183016,33.309932,52.246871,0.024500982,0.1434837,0.64733232
437,0.436,7.8516375,33.361978,52.112711,0.024644792,0.14413527,0.65015658
438,0.437,7.8850254,33.41389,51.979035,0.024789255,0.14478968,0.65299608
439,0.438,7.9184651,33.465669,51.84585,0.024934374,0.14544696,0.6558509
440,0.439,7.9519566,33.517316,51.713165,0.025080152,0.14610712,0.65872113
441,0.44,7.9854996,33.568831,51.580989,0.025226591,0.14677017,0.66160685
442,0.441,8.0190941,33.620214,51.44933,0.025373695,0.14743612,0.66450814
443,0.442,8.0527399,33.671467,51.318196,0.025521467,0.14810501,0.66742508
444,0.443,8.0864369,33.722589,51.187597,0.025669908,0.14877683,0.67035776
445,0.444,8.120185,33.773582,51.05754,0.025819023,0.14945161,0.67330625
446,0.445,8.1539839,33.824445,50.928035,0.025968814,0.15012937,0.67627064
447,0.446,8.1878337,33.87518,50.799089,0.026119285,0.15081011,0.67925101
448,0.447,8.2217342,33.925786,50.670712,0.026270438,0.15149385,0.68224745
449,0.448,8.2556852,33.976265,50.542913,0.026422276,0.15218062,0.68526004
450,0.449,8.2896866,34.026617,50.415699,0.026574802,0.15287042,0.68828887
451,0.45,8.3237383,34.076843,50.289081,0.026728019,0.15356328,0.69133403
452,0.451,8.3578401,34.126943,50.163065,0.026881931,0.1542592,0.69439559
453,0.452,8.391992,34.176918,50.037663,0.027036541,0.15495822,0.69747364
454,0.453,8.4261939,34.226769,49.912881,0.027191851,0.15566033,0.70056827
455,0.454,8.4604455,34.276495,49.788729,0.027347865,0.15636557,0.70367957
456,0.455,8.4947467,34.326099,49.665216,0.027504585,0.15707394,0.70680763
457,0.456,8.5290975,34.37558,49.542351,0.027662016,0.15778546,0.70995252
458,0.457,8.5634978,34.424939,49.420142,0.027820159,0.15850016,0.71311435
459,0.458,8.5979473,34.474176,49.298599,0.027979019,0.15921804,0.71629319
460,0.459,8.632446,34.523294,49.17773,0.028138599,0.15993913,0.71948914
461,0.46,8.6669937,34.572291,49.057545,0.028298901,0.16066344,0.72270229
462,0.461,8.7015905,34.62117,48.938053,0.028459929,0.16139099,0.72593273
463,0.462,8.736236,34.669929,48.819261,0.028621686,0.16212179,0.72918054
464,0.463,8.7709302,34.718572,48.701181,0.028784176,0.16285587,0.73244582
465,0.464,8.805673,34.767097,48.58382,0.028947401,0.16359324,0.73572866
466,0.465,8.8404643,34.815506,48.467188,0.029111365,0.16433392,0.73902914
467,0.466,8.8753039,34.863799,48.351293,0.029276072,0.16507793,0.74234737
468,0.467,8.9101918,34.911977,48.236146,0.029441525,0.16582528,0.74568344
469,0.468,8.9451277,34.960042,48.121755,0.029607726,0.16657599,0.74903743
470,0.469,8.9801117,35.007993,48.008129,0.02977468,0.16733009,0.75240944
471,0.47,9.0151436,35.055832,47.895278,0.02994239,0.16808758,0.75579957
472,0.471,9.0502233,35.103559,47.783211,0.030110858,0.16884849,0.7592079
473,0.472,9.0853506,35.151176,47.671936,0.03028009,0.16961284,0.76263454
474,0.473,9.1205255,35.198682,47.561465,0.030450088,0.17038064,0.76607957
475,0.474,9.1557479,35.246079,47.451805,0.030620855,0.17115192,0.7695431
476,0.475,9.1910176,35.293367,47.342966,0.030792395,0.17192668,0.77302522
477,0.476,9.2263345,35.340548,47.234957,0.030964712,0.17270496,0.77652602
478,0.477,9.2616986,35.387623,47.127788,0.031137808,0.17348677,0.7800456
479,0.478,9.2971096,35.434591,47.021469,0.031311689,0.17427212,0.78358406
480,0.479,9.3325676,35.481454,46.916008,0.031486356,0.17506104,0.78714151
481,0.48,9.3680724,35.528213,46.811415,0.031661814,0.17585355,0.79071802
482,0.481,9.403624,35.574869,46.7077,0.031838067,0.17664966,0.79431371
483,0.482,9.4392221,35.621423,46.604872,0.032015117,0.17744939,0.79792868
484,0.483,9.4748667,35.667875,46.50294,0.032192969,0.17825277,0.80156301
485,0.484,9.5105577,35.714226,46.401915,0.032371626,0.17905982,0.80521682
486,0.485,9.546295,35.760478,46.301805,0.032551093,0.17987054,0.8088902
487,0.486,9.5820786,35.806631,46.202621,0.032731371,0.18068497,0.81258326
488,0.487,9.6179082,35.852686,46.104372,0.032912466,0.18150313,0.81629609
489,0.488,9.6537839,35.898644,46.007067,0.033094381,0.18232502,0.8200288
490,0.489,9.6897054,35.944507,45.910716,0.03327712,0.18315068,0.82378149
491,0.49,9.7256728,35.990275,45.815329,0.033460686,0.18398012,0.82755427
492,0.491,9.7616859,36.035948,45.720916,0.033645084,0.18481336,0.83134723
493,0.492,9.7977446,36.081529,45.627487,0.033830317,0.18565043,0.83516047
494,0.493,9.8338488,36.127018,45.53505,0.034016389,0.18649134,0.83899412
495,0.494,9.8699985,36.172416,45.443616,0.034203303,0.18733612,0.84284826
496,0.495,9.9061936,36.217724,45.353195,0.034391065,0.18818478,0.84672301
497,0.496,9.9424339,36.262943,45.263797,0.034579677,0.18903734,0.85061847
498,0.497,9.9787194,36.308074,45.175431,0.034769143,0.18989384,0.85453474
499,0.498,10.01505,36.353119,45.088107,0.034959469,0.19075428,0.85847194
500,0.499,10.051426,36.398077,45.001835,0.035150656,0.19161869,0.86243016
501,0.5,10.087846,36.442951,44.916625,0.03534271,0.19248709,0.86640953
502,0.501,10.124311,36.487742,44.832486,0.035535634,0.1933595,0.87041014
503,0.502,10.160821,36.53245,44.74943,0.035729433,0.19423594,0.87443211
504,0.503,10.197376,36.577076,44.667466,0.03592411,0.19511644,0.87847554
505,0.504,10.233975,36.621622,44.586603,0.03611967,0.19600101,0.88254055
506,0.505,10.270619,36.666089,44.506852,0.036316116,0.19688968,0.88662724
507,0.506,10.307308,36.710478,44.428224,0.036513453,0.19778247,0.89073573
508,0.507,10.34404,36.75479,44.350727,0.036711685,0.1986794,0.89486612
509,0.508,10.380817,36.799026,44.274372,0.036910816,0.1995805,0.89901853
510,0.509,10.417638,36.843188,44.199169,0.03711085,0.20048578,0.90319308
511,0.51,10.454503,36.887276,44.125128,0.037311792,0.20139527,0.90738986
512,0.511,10.491413,36.931292,44.05226,0.037513645,0.20230898,0.91160901
513,0.512,10.528366,36.975237,43.980574,0.037716414,0.20322696,0.91585062
514,0.513,10.565363,37.019111,43.910081,0.037920103,0.2041492,0.92011482
515,0.514,10.602404,37.062918,43.840791,0.038124717,0.20507575,0.92440172
516,0.515,10.639489,37.106656,43.772714,0.038330259,0.20600661,0.92871144
517,0.516,10.676617,37.150329,43.705861,0.038536734,0.20694182,0.93304409
518,0.517,10.713789,37.193936,43.640241,0.038744147,0.2078814,0.93739978
519,0.518,10.751005,37.23748,43.575865,0.038952502,0.20882537,0.94177864
520,0.519,10.788264,37.280961,43.512744,0.039161802,0.20977375,0.94618079
521,0.52,10.825567,37.324381,43.450887,0.039372054,0.21072657,0.95060634
522,0.521,10.862913,37.367741,43.390305,0.03958326,0.21168385,0.9550554
523,0.522,10.900302,37.411042,43.331008,0.039795426,0.21264561,0.95952811
524,0.523,10.937735,37.454286,43.273007,0.040008556,0.21361189,0.96402457
525,0.524,10.975211,37.497474,43.216312,0.040222654,0.21458269,0.96854491
526,0.525,11.01273,37.540607,43.160934,0.040437726,0.21555805,0.97308926
527,0.526,11.050292,37.583687,43.106883,0.040653775,0.216538,0.97765772
528,0.527,11.087897,37.626715,43.054169,0.040870806,0.21752254,0.98225043
529,0.528,11.125545,37.669692,43.002803,0.041088824,0.21851172,0.98686751
530,0.529,11.163237,37.71262,42.952796,0.041307834,0.21950555,0.99150907
531,0.53,11.200971,37.7555,42.904158,0.04152784,0.22050406,0.99617525
532,0.531,11.238748,37.798333,42.856899,0.041748847,0.22150727,1.0008662
533,0.532,11.276567,37.841121,42.81103,0.041970859,0.22251521,1.0055819
534,0.533,11.31443,37.883866,42.766563,0.042193882,0.2235279,1.0103227
535,0.534,11.352335,37.926568,42.723506,0.04241792,0.22454537,1.0150886
536,0.535,11.390283,37.969229,42.681872,0.042642978,0.22556765,1.0198797
537,0.536,11.428273,38.01185,42.64167,0.04286906,0.22659475,1.0246962
538,0.537,11.466306,38.054434,42.602912,0.043096172,0.22762671,1.0295382
539,0.538,11.504382,38.096981,42.565607,0.043324318,0.22866355,1.0344058
540,0.539,11.5425,38.139493,42.529767,0.043553504,0.2297053,1.0392991
541,0.54,11.580661,38.181971,42.495403,0.043783734,0.23075198,1.0442184
542,0.541,11.618864,38.224417,42.462525,0.044015013,0.23180361,1.0491636
543,0.542,11.65711,38.266832,42.431143,0.044247346,0.23286023,1.054135
544,0.543,11.695398,38.309219,42.40127,0.044480738,0.23392186,1.0591327
545,0.544,11.733728,38.351577,42.372915,0.044715195,0.23498853,1.0641567
546,0.545,11.772101,38.39391,42.346089,0.044950721,0.23606027,1.0692073
547,0.546,11.810516,38.436218,42.320803,0.04518732,0.23713709,1.0742846
548,0.547,11.848973,38.478503,42.297069,0.045425,0.23821903,1.0793887
549,0.548,11.887473,38.520767,42.274896,0.045663764,0.23930611,1.0845197
550,0.549,11.926015,38.563011,42.254296,0.045903617,0.24039837,1.0896778
551,0.55,11.964599,38.605237,42.23528,0.046144566,0.24149583,1.0948631
552,0.551,12.003225,38.647446,42.217858,0.046386614,0.24259851,1.1000757
553,0.552,12.041894,38.68964,42.202042,0.046629768,0.24370644,1.1053159
554,0.553,12.080605,38.731821,42.187842,0.046874032,0.24481966,1.1105836
555,0.554,12.119358,38.77399,42.17527,0.047119412,0.24593819,1.1158791
556,0.555,12.158153,38.816149,42.164337,0.047365914,0.24706205,1.1212025
557,0.556,12.19699,38.858299,42.155053,0.047613542,0.24819128,1.1265539
558,0.557,12.235869,38.900443,42.147429,0.047862302,0.24932591,1.1319335
559,0.558,12.274791,38.942581,42.141477,0.048112199,0.25046595,1.1373414
560,0.559,12.313754,38.984716,42.137208,0.048363239,0.25161145,1.1427778
561,0.56,12.35276,39.02685,42.134632,0.048615428,0.25276242,1.1482428
562,0.561,12.391808,39.068983,42.133761,0.04886877,0.25391891,1.1537365
563,0.562,12.430898,39.111118,42.134606,0.049123271,0.25508093,1.1592591
564,0.563,12.47003,39.153257,42.137179,0.049378937,0.25624851,1.1648107
565,0.564,12.509205,39.1954,42.141489,0.049635773,0.2574217,1.1703915
566,0.565,12.548421,39.237551,42.147549,0.049893786,0.2586005,1.1760016
567,0.566,12.58768,39.27971,42.155369,0.05015298,0.25978496,1.1816411
568,0.567,12.626981,39.32188,42.164961,0.050413362,0.26097511,1.1873103
569,0.568,12.666324,39.364062,42.176336,0.050674936,0.26217097,1.1930092
570,0.569,12.705709,39.406258,42.189505,0.050937709,0.26337257,1.198738
571,0.57,12.745136,39.44847,42.20448,0.051201687,0.26457994,1.2044969
572,0.571,12.784606,39.4907,42.221271,0.051466875,0.26579313,1.2102859
573,0.572,12.824118,39.532949,42.23989,0.051733279,0.26701214,1.2161053
574,0.573,12.863672,39.575219,42.260348,0.052000905,0.26823702,1.2219553
575,0.574,12.903268,39.617513,42.282657,0.052269759,0.2694678,1.2278358
576,0.575,12.942907,39.659832,42.306828,0.052539847,0.2707045,1.2337472
577,0.576,12.982588,39.702178,42.332872,0.052811174,0.27194716,1.2396895
578,0.577,13.022311,39.744553,42.3608,0.053083747,0.27319581,1.2456629
579,0.578,13.062077,39.786958,42.390624,0.053357571,0.27445048,1.2516675
580,0.579,13.101885,39.829397,42.422355,0.053632654,0.2757112,1.2577036
581,0.58,13.141736,39.871869,42.456005,0.053909,0.27697801,1.2637713
582,0.581,13.181629,39.914379,42.491585,0.054186616,0.27825093,1.2698706
583,0.582,13.221564,39.956927,42.529107,0.054465508,0.27952999,1.2760019
584,0.583,13.261543,39.999515,42.568581,0.054745682,0.28081524,1.2821652
585,0.584,13.301564,40.042146,42.610019,0.055027145,0.2821067,1.2883606
586,0.585,13.341627,40.084821,42.653434,0.055309902,0.2834044,1.2945885
587,0.586,13.381733,40.127542,42.698835,0.05559396,0.28470838,1.3008488
588,0.587,13.421882,40.170312,42.746235,0.055879325,0.28601867,1.3071418
589,0.588,13.462074,40.213133,42.795645,0.056166003,0.2873353,1.3134676
590,0.589,13.502308,40.256005,42.847077,0.056454002,0.28865831,1.3198265
591,0.59,13.542586,40.298933,42.900542,0.056743326,0.28998772,1.3262184
592,0.591,13.582906,40.341917,42.956051,0.057033984,0.29132358,1.3326437
593,0.592,13.62327,40.384959,43.013617,0.05732598,0.29266591,1.3391025
594,0.593,13.663676,40.428062,43.073251,0.057619322,0.29401475,1.3455949
595,0.594,13.704126,40.471228,43.134963,0.057914016,0.29537013,1.3521212
596,0.595,13.744619,40.514458,43.198767,0.058210069,0.29673209,1.3586813
597,0.596,13.785155,40.557756,43.264673,0.058507487,0.29810067,1.3652757
598,0.597,13.825734,40.601123,43.332693,0.058806277,0.29947589,1.3719043
599,0.598,13.866357,40.644561,43.402839,0.059106445,0.30085779,1.3785674
600,0.599,13.907024,40.688072,43.475122,0.059407999,0.3022464,1.3852652
601,0.6,13.947734,40.731659,43.549554,0.059710945,0.30364176,1.3919978
602,0.601,13.988487,40.775323,43.626146,0.060015289,0.30504391,1.3987653
603,0.602,14.029284,40.819067,43.704911,0.060321039,0.30645288,1.405568
604,0.603,14.070125,40.862894,43.785859,0.060628202,0.30786871,1.412406
605,0.604,14.11101,40.906804,43.869002,0.060936784,0.30929142,1.4192795
606,0.605,14.151939,40.950801,43.954353,0.061246792,0.31072107,1.4261887
607,0.606,14.192912,40.994887,44.041922,0.061558233,0.31215767,1.4331338
608,0.607,14.233929,41.039064,44.131722,0.061871114,0.31360128,1.4401148
609,0.608,14.27499,41.083334,44.223764,0.062185442,0.31505192,1.447132
610,0.609,14.316096,41.127699,44.318059,0.062501225,0.31650963,1.4541856
611,0.61,14.357246,41.172162,44.414621,0.062818469,0.31797445,1.4612757
612,0.611,14.39844,41.216725,44.513459,0.063137181,0.31944642,1.4684026
613,0.612,14.439679,41.26139,44.614586,0.063457369,0.32092557,1.4755663
614,0.613,14.480963,41.306159,44.718014,0.063779039,0.32241193,1.4827672
615,0.614,14.522292,41.351036,44.823754,0.0641022,0.32390556,1.4900052
616,0.615,14.563665,41.396022,44.931818,0.064426858,0.32540648,1.4972808
617,0.616,14.605084,41.441119,45.042219,0.06475302,0.32691473,1.5045939
618,0.617,14.646547,41.486331,45.154966,0.065080694,0.32843035,1.5119448
619,0.618,14.688056,41.531658,45.270073,0.065409888,0.32995338,1.5193337
620,0.619,14.729611,41.577105,45.387551,0.065740609,0.33148385,1.5267608
621,0.62,14.771211,41.622672,45.507412,0.066072863,0.33302181,1.5342262
622,0.621,14.812856,41.668363,45.629667,0.06640666,0.33456729,1.5417302
623,0.622,14.854548,41.714179,45.754329,0.066742005,0.33612034,1.5492729
624,0.623,14.896285,41.760124,45.881409,0.067078908,0.33768098,1.5568545
625,0.624,14.938068,41.8062,46.010918,0.067417375,0.33924927,1.5644752
626,0.625,14.979897,41.852409,46.142869,0.067757414,0.34082523,1.5721351
627,0.626,15.021773,41.898753,46.277274,0.068099033,0.34240892,1.5798346
628,0.627,15.063695,41.945236,46.414144,0.06844224,0.34400036,1.5875736
629,0.628,15.105664,41.991859,46.553491,0.068787042,0.3455996,1.5953526
630,0.629,15.147679,42.038625,46.695326,0.069133447,0.34720668,1.6031716
631,0.63,15.189741,42.085537,46.839662,0.069481463,0.34882164,1.6110308
632,0.631,15.23185,42.132597,46.98651,0.069831098,0.35044452,1.6189305
633,0.632,15.274006,42.179808,47.135882,0.07018236,0.35207536,1.6268707
634,0.633,15.31621,42.227171,47.28779,0.070535257,0.35371421,1.6348518
635,0.634,15.358461,42.274691,47.442246,0.070889796,0.35536109,1.6428739
636,0.635,15.400759,42.322369,47.599261,0.071245987,0.35701606,1.6509372
637,0.636,15.443106,42.370207,47.758847,0.071603836,0.35867915,1.6590419
638,0.637,15.4855,42.418209,47.921016,0.071963353,0.36035042,1.6671882
639,0.638,15.527942,42.466377,48.08578,0.072324545,0.36202989,1.6753763
640,0.639,15.570433,42.514714,48.25315,0.072687421,0.36371761,1.6836065
641,0.64,15.612972,42.563222,48.423138,0.073051989,0.36541362,1.6918788
642,0.641,15.655559,42.611905,48.595756,0.073418257,0.36711797,1.7001935
643,0.642,15.698196,42.660763,48.771016,0.073786233,0.3688307,1.7085508
644,0.643,15.740881,42.709801,48.948929,0.074155927,0.37055185,1.7169509
645,0.644,15.783616,42.759021,49.129508,0.074527345,0.37228147,1.7253941
646,0.645,15.826399,42.808425,49.312763,0.074900498,0.37401959,1.7338804
647,0.646,15.869233,42.858017,49.498707,0.075275393,0.37576627,1.7424102
648,0.647,15.912116,42.907799,49.687352,0.075652039,0.37752154,1.7509836
649,0.648,15.955048,42.957773,49.878708,0.076030445,0.37928545,1.7596009
650,0.649,15.998031,43.007943,50.072789,0.076410619,0.38105804,1.7682621
651,0.65,16.041065,43.058311,50.269604,0.07679257,0.38283936,1.7769677
652,0.651,16.084148,43.10888,50.469167,0.077176306,0.38462945,1.7857177
653,0.652,16.127283,43.159652,50.671489,0.077561837,0.38642836,1.7945123
654,0.653,16.170468,43.210632,50.876581,0.077949172,0.38823613,1.8033519
655,0.654,16.213704,43.26182,51.084455,0.078338318,0.39005281,1.8122365
656,0.655,16.256992,43.31322,51.295124,0.078729286,0.39187844,1.8211664
657,0.656,16.300331,43.364836,51.508597,0.079122084,0.39371307,1.8301419
658,0.657,16.343721,43.416669,51.724888,0.079516722,0.39555675,1.8391631
659,0.658,16.387164,43.468722,51.944007,0.079913207,0.39740951,1.8482302
660,0.659,16.430659,43.520999,52.165967,0.08031155,0.39927141,1.8573436
661,0.66,16.474206,43.573502,52.390778,0.080711759,0.4011425,1.8665033
662,0.661,16.517806,43.626235,52.618453,0.081113844,0.40302281,1.8757096
663,0.662,16.561459,43.679199,52.849002,0.081517814,0.4049124,1.8849627
664,0.663,16.605165,43.732398,53.082439,0.081923678,0.40681131,1.8942629
665,0.664,16.648924,43.785835,53.318773,0.082331446,0.40871959,1.9036103
666,0.665,16.692737,43.839513,53.558017,0.082741127,0.4106373,1.9130052
667,0.666,16.736603,43.893434,53.800181,0.08315273,0.41256447,1.9224479
668,0.667,16.780524,43.947602,54.045278,0.083566265,0.41450115,1.9319384
669,0.668,16.824499,44.002019,54.293319,0.083981742,0.4164474,1.9414771
670,0.669,16.868528,44.056689,54.544316,0.084399169,0.41840325,1.9510642
671,0.67,16.912613,44.111614,54.798279,0.084818558,0.42036877,1.9606999
672,0.671,16.956752,44.166798,55.05522,0.085239917,0.422344,1.9703845
673,0.672,17.000946,44.222243,55.31515,0.085663255,0.42432898,1.9801181
674,0.673,17.045197,44.277953,55.578082,0.086088584,0.42632378,1.9899009
675,0.674,17.089503,44.33393,55.844025,0.086515913,0.42832843,1.9997334
676,0.675,17.133865,44.390177,56.112992,0.086945251,0.43034298,2.0096155
677,0.676,17.178283,44.446698,56.384993,0.087376609,0.4323675,2.0195477
678,0.677,17.222758,44.503496,56.66004,0.087809996,0.43440202,2.02953
679,0.678,17.26729,44.560573,56.938144,0.088245423,0.4364466,2.0395628
680,0.679,17.31188,44.617933,57.219317,0.088682899,0.43850128,2.0496463
681,0.68,17.356527,44.675578,57.503569,0.089122436,0.44056613,2.0597807
682,0.681,17.401231,44.733513,57.790911,0.089564042,0.44264119,2.0699663
683,0.682,17.445994,44.79174,58.081355,0.090007728,0.44472651,2.0802032
684,0.683,17.490815,44.850261,58.374912,0.090453505,0.44682215,2.0904918
685,0.684,17.535695,44.909081,58.671592,0.090901383,0.44892815,2.1008322
686,0.685,17.580633,44.968203,58.971407,0.091351372,0.45104457,2.1112248
687,0.686,17.625631,45.027628,59.274368,0.091803482,0.45317146,2.1216697
688,0.687,17.670689,45.087362,59.580485,0.092257725,0.45530888,2.1321671
689,0.688,17.715806,45.147406,59.889769,0.092714111,0.45745687,2.1427174
690,0.689,17.760984,45.207765,60.202232,0.09317265,0.4596155,2.1533208
691,0.69,17.806222,45.268441,60.517884,0.093633352,0.4617848,2.1639775
692,0.691,17.851521,45.329437,60.836735,0.09409623,0.46396484,2.1746878
693,0.692,17.896882,45.390757,61.158797,0.094561293,0.46615568,2.1854519
694,0.693,17.942303,45.452403,61.484081,0.095028552,0.46835736,2.19627
695,0.694,17.987787,45.51438,61.812596,0.095498018,0.47056994,2.2071424
696,0.695,18.033332,45.57669,62.144354,0.095969703,0.47279347,2.2180694
697,0.696,18.07894,45.639337,62.479365,0.096443616,0.47502801,2.2290512
698,0.697,18.124611,45.702324,62.817639,0.09691977,0.47727362,2.240088
699,0.698,18.170345,45.765654,63.159188,0.097398175,0.47953034,2.2511801
700,0.699,18.216143,45.82933,63.504021,0.097878842,0.48179825,2.2623278
701,0.7,18.262004,45.893357,63.852148,0.098361782,0.48407738,2.2735313
702,0.701,18.30793,45.957736,64.203581,0.098847008,0.4863678,2.2847909
703,0.702,18.35392,46.022472,64.558329,0.099334529,0.48866956,2.2961068
704,0.703,18.399975,46.087567,64.916403,0.099824358,0.49098273,2.3074792
705,0.704,18.446096,46.153026,65.277813,0.10031651,0.49330735,2.3189085
706,0.705,18.492282,46.21885,65.642568,0.10081098,0.49564349,2.3303949
707,0.706,18.538534,46.285045,66.01068,0.1013078,0.4979912,2.3419386
708,0.707,18.584852,46.351613,66.382157,0.10180698,0.50035054,2.3535399
709,0.708,18.631237,46.418558,66.75701,0.10230852,0.50272157,2.3651991
710,0.709,18.67769,46.485882,67.135249,0.10281243,0.50510435,2.3769164
711,0.71,18.724209,46.55359,67.516883,0.10331874,0.50749893,2.3886921
712,0.711,18.770797,46.621684,67.901923,0.10382744,0.50990537,2.4005265
713,0.712,18.817453,46.690169,68.290377,0.10433856,0.51232374,2.4124198
714,0.713,18.864178,46.759047,68.682256,0.1048521,0.51475408,2.4243722
715,0.714,18.910972,46.828322,69.077569,0.10536808,0.51719647,2.4363841
716,0.715,18.957835,46.897998,69.476326,0.10588651,0.51965097,2.4484557
717,0.716,19.004768,46.968077,69.878536,0.10640739,0.52211762,2.4605873
718,0.717,19.051772,47.038564,70.284208,0.10693075,0.52459649,2.4727792
719,0.718,19.098846,47.109462,70.693351,0.1074566,0.52708765,2.4850316
720,0.719,19.145991,47.180775,71.105976,0.10798494,0.52959115,2.4973448
721,0.72,19.193208,47.252505,71.52209,0.10851579,0.53210706,2.509719
722,0.721,19.240496,47.324656,71.941703,0.10904917,0.53463543,2.5221546
723,0.722,19.287857,47.397233,72.364824,0.10958508,0.53717633,2.5346517
724,0.723,19.335291,47.470238,72.791461,0.11012353,0.53972982,2.5472108
725,0.724,19.382798,47.543674,73.221624,0.11066455,0.54229596,2.559832
726,0.725,19.430379,47.617546,73.655322,0.11120814,0.54487482,2.5725157
727,0.726,19.478034,47.691858,74.092562,0.11175431,0.54746646,2.585262
728,0.727,19.525763,47.766611,74.533354,0.11230308,0.55007093,2.5980714
729,0.728,19.573567,47.841811,74.977705,0.11285447,0.55268831,2.610944
730,0.729,19.621447,47.917461,75.425624,0.11340847,0.55531866,2.6238801
731,0.73,19.669403,47.993564,75.87712,0.11396512,0.55796204,2.6368801
732,0.731,19.717435,48.070123,76.3322,0.11452441,0.56061852,2.6499442
733,0.732,19.765544,48.147144,76.790873,0.11508637,0.56328815,2.6630727
734,0.733,19.81373,48.224628,77.253147,0.115651,0.56597102,2.6762659
735,0.734,19.861993,48.30258,77.719029,0.11621832,0.56866717,2.689524
736,0.735,19.910335,48.381003,78.188527,0.11678835,0.57137668,2.7028473
737,0.736,19.958756,48.459901,78.661649,0.11736109,0.57409961,2.7162362
738,0.737,20.007255,48.539278,79.138402,0.11793656,0.57683603,2.7296909
739,0.738,20.055835,48.619137,79.618794,0.11851478,0.579586,2.7432117
740,0.739,20.104494,48.699482,80.102832,0.11909575,0.58234959,2.7567988
741,0.74,20.153234,48.780316,80.590524,0.11967949,0.58512687,2.7704527
742,0.741,20.202055,48.861644,81.081876,0.12026601,0.58791791,2.7841735
743,0.742,20.250958,48.943468,81.576895,0.12085534,0.59072276,2.7979616
744,0.743,20.299943,49.025793,82.075588,0.12144747,0.59354151,2.8118172
745,0.744,20.34901,49.108622,82.577963,0.12204243,0.59637421,2.8257407
746,0.745,20.398161,49.191959,83.084025,0.12264024,0.59922094,2.8397323
747,0.746,20.447395,49.275808,83.593781,0.12324089,0.60208176,2.8537923
748,0.747,20.496713,49.360172,84.107237,0.12384441,0.60495675,2.8679211
749,0.748,20.546115,49.445055,84.6244,0.12445082,0.60784596,2.8821188
750,0.749,20.595603,49.530461,85.145276,0.12506012,0.61074948,2.8963859
751,0.75,20.645177,49.616393,85.66987,0.12567233,0.61366737,2.9107226
752,0.751,20.694837,49.702855,86.198188,0.12628747,0.61659971,2.9251292
753,0.752,20.744583,49.789852,86.730237,0.12690555,0.61954655,2.9396061
754,0.753,20.794417,49.877385,87.266021,0.12752658,0.62250798,2.9541534
755,0.754,20.844338,49.965461,87.805547,0.12815058,0.62548406,2.9687715
756,0.755,20.894348,50.054081,88.348818,0.12877756,0.62847486,2.9834608
757,0.756,20.944447,50.143251,88.895841,0.12940754,0.63148047,2.9982214
758,0.757,20.994635,50.232973,89.446619,0.13004054,0.63450094,3.0130538
759,0.758,21.044914,50.323251,90.001159,0.13067656,0.63753635,3.0279582
760,0.759,21.095282,50.41409,90.559464,0.13131562,0.64058677,3.0429349
761,0.76,21.145742,50.505492,91.121539,0.13195775,0.64365228,3.0579843
762,0.761,21.196294,50.597462,91.687388,0.13260294,0.64673295,3.0731066
763,0.762,21.246938,50.690004,92.257016,0.13325123,0.64982885,3.0883021
764,0.763,21.297675,50.783121,92.830426,0.13390262,0.65294005,3.1035712
765,0.764,21.348505,50.876818,93.407621,0.13455712,0.65606664,3.1189142
766,0.765,21.399429,50.971097,93.988606,0.13521476,0.65920868,3.1343313
767,0.766,21.450447,51.065963,94.573384,0.13587556,0.66236625,3.1498229
768,0.767,21.501561,51.161419,95.161958,0.13653951,0.66553942,3.1653892
769,0.768,21.552771,51.257469,95.754331,0.13720665,0.66872827,3.1810307
770,0.769,21.604077,51.354118,96.350506,0.13787698,0.67193288,3.1967476
771,0.77,21.65548,51.451368,96.950486,0.13855053,0.67515331,3.2125402
772,0.771,21.70698,51.549225,97.554272,0.13922731,0.67838965,3.2284089
773,0.772,21.758579,51.64769,98.161868,0.13990733,0.68164198,3.2443539
774,0.773,21.810276,51.746769,98.773274,0.14059061,0.68491037,3.2603755
775,0.774,21.862073,51.846465,99.388494,0.14127716,0.68819489,3.2764742
776,0.775,21.91397,51.946782,100.00753,0.14196701,0.69149563,3.2926501
777,0.776,21.965967,52.047724,100.63038,0.14266017,0.69481266,3.3089036
778,0.777,22.018066,52.149295,101.25705,0.14335665,0.69814606,3.3252351
779,0.778,22.070266,52.251497,101.88753,0.14405648,0.70149591,3.3416448
780,0.779,22.122569,52.354336,102.52183,0.14475966,0.70486229,3.3581331
781,0.78,22.174976,52.457815,103.15996,0.14546622,0.70824527,3.3747003
782,0.781,22.227486,52.561938,103.8019,0.14617617,0.71164494,3.3913467
783,0.782,22.2801,52.666709,104.44766,0.14688953,0.71506138,3.4080726
784,0.783,22.33282,52.772131,105.09724,0.14760631,0.71849466,3.4248783
785,0.784,22.385645,52.878208,105.75064,0.14832653,0.72194487,3.4417642
786,0.785,22.438577,52.984945,106.40786,0.14905022,0.72541208,3.4587306
787,0.786,22.491616,53.092344,107.0689,0.14977737,0.72889638,3.4757779
788,0.787,22.544762,53.20041,107.73375,0.15050803,0.73239785,3.4929062
789,0.788,22.598017,53.309147,108.40241,0.15124219,0.73591657,3.510116
790,0.789,22.651381,53.418558,109.07489,0.15197988,0.73945263,3.5274076
791,0.79,22.704855,53.528647,109.75118,0.15272111,0.74300609,3.5447813
792,0.791,22.758439,53.639419,110.43127,0.15346591,0.74657706,3.5622374
793,0.792,22.812134,53.750876,111.11518,0.15421428,0.7501656,3.5797763
794,0.793,22.865942,53.863023,111.80288,0.15496626,0.75377181,3.5973983
795,0.794,22.919861,53.975863,112.49438,0.15572184,0.75739577,3.6151036
796,0.795,22.973894,54.0894,113.18968,0.15648106,0.76103756,3.6328927
797,0.796,23.028041,54.203638,113.88877,0.15724394,0.76469726,3.6507659
798,0.797,23.082302,54.318581,114.59165,0.15801048,0.76837496,3.6687235
799,0.798,23.136679,54.434233,115.29832,0.1587807,0.77207075,3.6867658
800,0.799,23.191171,54.550597,116.00876,0.15955464,0.77578471,3.7048931
801,0.8,23.24578,54.667677,116.72297,0.16033229,0.77951692,3.7231058
802,0.801,23.300507,54.785477,117.44096,0.16111369,0.78326747,3.7414042
803,0.802,23.355352,54.904001,118.16271,0.16189885,0.78703645,3.7597886
804,0.803,23.410316,55.023252,118.88821,0.16268778,0.79082395,3.7782594
805,0.804,23.465399,55.143234,119.61746,0.16348051,0.79463004,3.7968169
806,0.805,23.520603,55.263951,120.35046,0.16427706,0.79845483,3.8154615
807,0.806,23.575928,55.385406,121.0872,0.16507744,0.80229839,3.8341934
808,0.807,23.631375,55.507604,121.82766,0.16588167,0.80616081,3.8530129
809,0.808,23.686944,55.630548,122.57185,0.16668978,0.81004218,3.8719205
810,0.809,23.742637,55.754242,123.31975,0.16750178,0.8139426,3.8909164
811,0.81,23.798453,55.878689,124.07135,0.16831768,0.81786214,3.9100011
812,0.811,23.854395,56.003893,124.82665,0.16913752,0.8218009,3.9291747
813,0.812,23.910462,56.129858,125.58564,0.16996131,0.82575897,3.9484377
814,0.813,23.966655,56.256588,126.3483,0.17078906,0.82973644,3.9677903
815,0.814,24.022976,56.384086,127.11463,0.1716208,0.83373339,3.987233
816,0.815,24.079424,56.512355,127.88462,0.17245654,0.83774992,4.006766
817,0.816,24.136001,56.6414,128.65825,0.17329632,0.84178613,4.0263897
818,0.817,24.192708,56.771225,129.43552,0.17414014,0.84584209,4.0461044
819,0.818,24.249544,56.901831,130.21641,0.17498802,0.8499179,4.0659104
820,0.819,24.306512,57.033225,131.00091,0.17583999,0.85401366,4.0858081
821,0.82,24.363612,57.165408,131.789,0.17669607,0.85812945,4.1057978
822,0.821,24.420844,57.298384,132.58069,0.17755627,0.86226537,4.1258798
823,0.822,24.478209,57.432158,133.37594,0.17842062,0.86642151,4.1460545
824,0.823,24.535709,57.566732,134.17475,0.17928913,0.87059797,4.1663223
825,0.824,24.593343,57.70211,134.9771,0.18016184,0.87479483,4.1866833
826,0.825,24.651114,57.838296,135.78299,0.18103874,0.8790122,4.207138
827,0.826,24.709021,57.975293,136.59238,0.18191988,0.88325016,4.2276868
828,0.827,24.767065,58.113105,137.40527,0.18280527,0.88750881,4.2483298
829,0.828,24.825248,58.251735,138.22164,0.18369492,0.89178825,4.2690675
830,0.829,24.88357,58.391186,139.04148,0.18458886,0.89608856,4.2899002
831,0.83,24.942031,58.531463,139.86476,0.18548712,0.90040986,4.3108283
832,0.831,25.000633,58.672567,140.69147,0.1863897,0.90475222,4.331852
833,0.832,25.059377,58.814504,141.52159,0.18729664,0.90911575,4.3529717
834,0.833,25.118263,58.957276,142.35511,0.18820796,0.91350055,4.3741877
835,0.834,25.177292,59.100886,143.19199,0.18912367,0.9179067,4.3955004
836,0.835,25.236466,59.245339,144.03223,0.19004379,0.92233432,4.41691
837,0.836,25.295784,59.390636,144.87579,0.19096836,0.92678349,4.438417
838,0.837,25.355248,59.536782,145.72267,0.19189738,0.93125431,4.4600216
839,0.838,25.414858,59.68378,146.57284,0.19283089,0.93574689,4.4817242
840,0.839,25.474616,59.831633,147.42627,0.1937689,0.94026131,4.5035251
841,0.84,25.534522,59.980345,148.28295,0.19471143,0.94479769,4.5254246
842,0.841,25.594578,60.129917,149.14285,0.19565851,0.94935611,4.547423
843,0.842,25.654783,60.280355,150.00594,0.19661016,0.95393668,4.5695208
844,0.843,25.715139,60.43166,150.8722,0.19756641,0.9585395,4.5917181
845,0.844,25.775647,60.583836,151.74161,0.19852727,0.96316466,4.6140154
846,0.845,25.836308,60.736887,152.61414,0.19949276,0.96781227,4.636413
847,0.846,25.897122,60.890814,153.48977,0.20046291,0.97248243,4.6589111
848,0.847,25.95809,61.045622,154.36846,0.20143775,0.97717524,4.6815102
849,0.848,26.019214,61.201313,155.25019,0.20241729,0.9818908,4.7042104
850,0.849,26.080494,61.357891,156.13493,0.20340155,0.98662922,4.7270123
851,0.85,26.141931,61.515357,157.02265,0.20439057,0.99139058,4.749916
852,0.851,26.203526,61.673716,157.91333,0.20538436,0.99617501,4.7729219
853,0.852,26.265279,61.83297,158.80692,0.20638294,1.0009826,4.7960304
854,0.853,26.327192,61.993121,159.7034,0.20738634,1.0058134,4.8192416
855,0.854,26.389266,62.154174,160.60274,0.20839459,1.0106677,4.8425561
856,0.855,26.451502,62.31613,161.50491,0.2094077,1.0155453,4.865974
857,0.856,26.513899,62.478992,162.40986,0.21042571,1.0204466,4.8894956
858,0.857,26.576461,62.642763,163.31758,0.21144862,1.0253715,4.9131214
859,0.858,26.639186,62.807447,164.22801,0.21247647,1.0303202,4.9368517
860,0.859,26.702076,62.973044,165.14114,0.21350928,1.0352928,4.9606866
861,0.86,26.765133,63.139559,166.05691,0.21454708,1.0402894,4.9846266
862,0.861,26.828356,63.306994,166.97529,0.21558989,1.0453101,5.008672
863,0.862,26.891748,63.47535,167.89625,0.21663773,1.050355,5.032823
864,0.863,26.955308,63.644632,168.81974,0.21769062,1.0554242,5.05708
865,0.864,27.019038,63.814841,169.74573,0.2187486,1.0605179,5.0814433
866,0.865,27.082939,63.985979,170.67418,0.21981168,1.065636,5.1059131
867,0.866,27.147011,64.158049,171.60504,0.2208799,1.0707788,5.1304899
868,0.867,27.211256,64.331054,172.53827,0.22195326,1.0759463,5.1551738
869,0.868,27.275674,64.504996,173.47383,0.22303181,1.0811387,5.1799653
870,0.869,27.340267,64.679876,174.41167,0.22411557,1.086356,5.2048645
871,0.87,27.405035,64.855698,175.35176,0.22520455,1.0915984,5.2298719
872,0.871,27.469979,65.032463,176.29403,0.22629879,1.0968659,5.2549876
873,0.872,27.5351,65.210174,177.23846,0.22739831,1.1021587,5.280212
874,0.873,27.6004,65.388832,178.18498,0.22850313,1.1074769,5.3055454
875,0.874,27.665879,65.56844,179.13355,0.22961329,1.1128207,5.3309881
876,0.875,27.731538,65.749,180.08412,0.2307288,1.11819,5.3565403
877,0.876,27.797378,65.930512,181.03665,0.23184969,1.123585,5.3822024
878,0.877,27.8634,66.112981,181.99107,0.23297599,1.1290059,5.4079747
879,0.878,27.929605,66.296406,182.94734,0.23410773,1.1344527,5.4338573
880,0.879,27.995994,66.480791,183.9054,0.23524493,1.1399255,5.4598507
881,0.88,28.062568,66.666136,184.8652,0.23638761,1.1454245,5.485955
882,0.881,28.129327,66.852443,185.82668,0.2375358,1.1509498,5.5121706
883,0.882,28.196273,67.039715,186.78979,0.23868953,1.1565015,5.5384978
884,0.883,28.263407,67.227951,187.75447,0.23984883,1.1620796,5.5649368
885,0.884,28.33073,67.417155,188.72065,0.24101372,1.1676844,5.5914878
886,0.885,28.398243,67.607327,189.68829,0.24218423,1.1733159,5.6181512
887,0.886,28.465946,67.798469,190.65731,0.24336038,1.1789742,5.6449273
888,0.887,28.533841,67.990582,191.62766,0.2445422,1.1846594,5.6718162
889,0.888,28.601928,68.183667,192.59927,0.24572972,1.1903718,5.6988183
890,0.889,28.670209,68.377725,193.57208,0.24692297,1.1961112,5.7259338
891,0.89,28.738684,68.572758,194.54603,0.24812197,1.201878,5.753163
892,0.891,28.807355,68.768767,195.52104,0.24932675,1.2076722,5.7805061
893,0.892,28.876223,68.965752,196.49705,0.25053734,1.2134939,5.8079634
894,0.893,28.945288,69.163714,197.47398,0.25175377,1.2193432,5.8355351
895,0.894,29.014551,69.362655,198.45178,0.25297606,1.2252203,5.8632215
896,0.895,29.084014,69.562575,199.43036,0.25420424,1.2311252,5.8910228
897,0.896,29.153677,69.763474,200.40966,0.25543834,1.2370581,5.9189393
898,0.897,29.223542,69.965354,201.38959,0.25667838,1.2430191,5.9469712
899,0.898,29.293609,70.168214,202.37009,0.2579244,1.2490083,5.9751187
900,0.899,29.36388,70.372056,203.35108,0.25917643,1.2550258,6.0033821
901,0.9,29.434354,70.576879,204.33248,0.26043448,1.2610717,6.0317616
902,0.901,29.505034,70.782684,205.31421,0.2616986,1.2671463,6.0602574
903,0.902,29.575921,70.989471,206.29618,0.2629688,1.2732494,6.0888698
904,0.903,29.647014,71.19724,207.27833,0.26424513,1.2793814,6.1175989
905,0.904,29.718316,71.405992,208.26055,0.2655276,1.2855423,6.1464451
906,0.905,29.789827,71.615726,209.24278,0.26681624,1.2917322,6.1754084
907,0.906,29.861548,71.826442,210.22492,0.26811109,1.2979512,6.2044892
908,0.907,29.933481,72.03814,211.20688,0.26941217,1.3041995,6.2336875
909,0.908,30.005626,72.250819,212.18857,0.27071952,1.3104771,6.2630037
910,0.909,30.077984,72.46448,213.16991,0.27203316,1.3167843,6.2924379
911,0.91,30.150556,72.679121,214.1508,0.27335312,1.3231211,6.3219903
912,0.911,30.223343,72.894742,215.13115,0.27467943,1.3294875,6.3516611
913,0.912,30.296346,73.111343,216.11086,0.27601212,1.3358839,6.3814505
914,0.913,30.369567,73.328922,217.08984,0.27735123,1.3423102,6.4113587
915,0.914,30.443005,73.54748,218.06798,0.27869677,1.3487666,6.4413859
916,0.915,30.516662,73.767013,219.04519,0.28004879,1.3552532,6.4715321
917,0.916,30.59054,73.987523,220.02137,0.28140731,1.3617701,6.5017977
918,0.917,30.664638,74.209007,220.9964,0.28277236,1.3683175,6.5321827
919,0.918,30.738959,74.431464,221.97019,0.28414397,1.3748955,6.5626874
920,0.919,30.813502,74.654893,222.94264,0.28552218,1.3815041,6.5933119
921,0.92,30.88827,74.879292,223.91362,0.28690701,1.3881435,6.6240563
922,0.921,30.963262,75.104659,224.88304,0.2882985,1.3948139,6.6549208
923,0.922,31.03848,75.330994,225.85077,0.28969667,1.4015153,6.6859055
924,0.923,31.113925,75.558294,226.81671,0.29110156,1.4082478,6.7170106
925,0.924,31.189598,75.786557,227.78075,0.2925132,1.4150117,6.7482362
926,0.925,31.265499,76.01578,228.74275,0.29393161,1.4218069,6.7795825
927,0.926,31.34163,76.245963,229.70261,0.29535684,1.4286337,6.8110496
928,0.927,31.417992,76.477102,230.66021,0.29678891,1.4354921,6.8426375
929,0.928,31.494585,76.709195,231.61542,0.29822786,1.4423823,6.8743464
930,0.929,31.571411,76.942239,232.56811,0.29967371,1.4493044,6.9061765
931,0.93,31.648471,77.176233,233.51816,0.3011265,1.4562585,6.9381278
932,0.931,31.725765,77.411172,234.46545,0.30258626,1.4632448,6.9702004
933,0.932,31.803294,77.647054,235.40984,0.30405302,1.4702633,7.0023944
934,0.933,31.88106,77.883876,236.35119,0.30552682,1.4773141,7.03471
935,0.934,31.959063,78.121634,237.28939,0.30700768,1.4843975,7.0671471
936,0.935,32.037304,78.360326,238.22428,0.30849565,1.4915135,7.0997059
937,0.936,32.115784,78.599947,239.15573,0.30999074,1.4986622,7.1323864
938,0.937,32.194505,78.840495,240.08361,0.311493,1.5058438,7.1651888
939,0.938,32.273466,79.081965,241.00776,0.31300246,1.5130584,7.198113
940,0.939,32.35267,79.324353,241.92805,0.31451915,1.5203061,7.2311591
941,0.94,32.432116,79.567655,242.84432,0.31604311,1.527587,7.2643273
942,0.941,32.511806,79.811868,243.75644,0.31757436,1.5349012,7.2976174
943,0.942,32.59174,80.056986,244.66424,0.31911294,1.542249,7.3310296
944,0.943,32.671921,80.303005,245.56757,0.32065889,1.5496303,7.3645639
945,0.944,32.752347,80.549921,246.46629,0.32221224,1.5570453,7.3982203
946,0.945,32.833021,80.797728,247.36023,0.32377302,1.5644942,7.4319988
947,0.946,32.913944,81.046422,248.24923,0.32534126,1.5719771,7.4658994
948,0.947,32.995115,81.295997,249.13313,0.326917,1.579494,7.4999222
949,0.948,33.076537,81.546448,250.01176,0.32850028,1.5870452,7.5340672
950,0.949,33.158209,81.797769,250.88497,0.33009113,1.5946306,7.5683343
951,0.95,33.240133,82.049956,251.75257,0.33168958,1.6022505,7.6027234
952,0.951,33.32231,82.303001,252.61441,0.33329566,1.609905,7.6372347
953,0.952,33.40474,82.556899,253.4703,0.33490942,1.6175942,7.6718681
954,0.953,33.487424,82.811644,254.32007,0.33653089,1.6253182,7.7066234
955,0.954,33.570364,83.06723,255.16353,0.33816009,1.6330772,7.7415008
956,0.955,33.65356,83.323649,256.00052,0.33979708,1.6408712,7.7765001
957,0.956,33.737012,83.580895,256.83084,0.34144187,1.6487003,7.8116212
958,0.957,33.820722,83.838961,257.65432,0.34309451,1.6565648,7.8468642
959,0.958,33.904691,84.09784,258.47075,0.34475504,1.6644647,7.8822289
960,0.959,33.988919,84.357524,259.27995,0.34642348,1.6724002,7.9177153
961,0.96,34.073407,84.618007,260.08173,0.34809987,1.6803713,7.9533232
962,0.961,34.158155,84.87928,260.87588,0.34978426,1.6883782,7.9890526
963,0.962,34.243166,85.141335,261.66222,0.35147666,1.6964211,8.0249033
964,0.963,34.328439,85.404165,262.44053,0.35317713,1.7044999,8.0608753
965,0.964,34.413975,85.66776,263.21061,0.3548857,1.7126149,8.0969684
966,0.965,34.499775,85.932114,263.97227,0.3566024,1.7207662,8.1331825
967,0.966,34.58584,86.197215,264.72527,0.35832727,1.7289539,8.1695175
968,0.967,34.67217,86.463057,265.46942,0.36006034,1.7371781,8.2059732
969,0.968,34.758767,86.729629,266.2045,0.36180166,1.745439,8.2425495
970,0.969,34.84563,86.996922,266.93029,0.36355126,1.7537366,8.2792461
971,0.97,34.932761,87.264927,267.64656,0.36530917,1.762071,8.316063
972,0.971,35.020161,87.533633,268.3531,0.36707544,1.7704425,8.3529999
973,0.972,35.107829,87.803031,269.04968,0.36885009,1.7788511,8.3900567
974,0.973,35.195768,88.07311,269.73606,0.37063318,1.7872969,8.4272331
975,0.974,35.283976,88.34386,270.41202,0.37242473,1.7957801,8.464529
976,0.975,35.372456,88.61527,271.07731,0.37422478,1.8043007,8.5019441
977,0.976,35.461208,88.887329,271.7317,0.37603336,1.812859,8.5394782
978,0.977,35.550231,89.160026,272.37495,0.37785053,1.8214549,8.5771311
979,0.978,35.639528,89.433349,273.00681,0.37967631,1.8300887,8.6149025
980,0.979,35.729099,89.707286,273.62704,0.38151075,1.8387605,8.6527922
981,0.98,35.818943,89.981825,274.23538,0.38335387,1.8474703,8.6907999
982,0.981,35.909063,90.256955,274.83158,0.38520572,1.8562182,8.7289253
983,0.982,35.999458,90.532662,275.41537,0.38706635,1.8650045,8.7671682
984,0.983,36.090129,90.808934,275.98651,0.38893577,1.8738292,8.8055283
985,0.984,36.181076,91.085758,276.54473,0.39081404,1.8826925,8.8440052
986,0.985,36.272301,91.36312,277.08975,0.3927012,1.8915944,8.8825987
987,0.986,36.363803,91.641007,277.62132,0.39459727,1.900535,8.9213084
988,0.987,36.455583,91.919405,278.13915,0.3965023,1.9095146,8.9601341
989,0.988,36.547642,92.1983,278.64296,0.39841634,1.9185331,8.9990752
990,0.989,36.639981,92.477678,279.13249,0.40033941,1.9275908,9.0381316
991,0.99,36.732598,92.757523,279.60744,0.40227156,1.9366877,9.0773028
992,0.991,36.825496,93.03782,280.06753,0.40421282,1.9458239,9.1165885
993,0.992,36.918674,93.318555,280.51247,0.40616325,1.9549996,9.1559882
994,0.993,37.012134,93.599712,280.94196,0.40812286,1.9642149,9.1955017
995,0.994,37.105874,93.881274,281.3557,0.41009172,1.9734698,9.2351284
996,0.995,37.199897,94.163227,281.7534,0.41206984,1.9827645,9.274868
997,0.996,37.294201,94.445552,282.13476,0.41405728,1.9920992,9.31472
998,0.997,37.388788,94.728234,282.49945,0.41605408,2.0014739,9.3546841
999,0.998,37.483658,95.011255,282.84718,0.41806027,2.0108887,9.3947597
1000,0.999,37.578811,95.294598,283.17763,0.4200759,2.0203437,9.4349464
1001,1,37.674247,95.578245,283.49047,0.422101,2.0298391,9.4752437
1002,1.001,37.769968,95.862177,283.78539,0.42413562,2.0393749,9.5156511
1003,1.002,37.865972,96.146378,284.06207,0.42617979,2.0489514,9.5561682
1004,1.003,37.962261,96.430827,284.32018,0.42823356,2.0585685,9.5967945
1005,1.004,38.058834,96.715506,284.5594,0.43029697,2.0682264,9.6375294
1006,1.005,38.155692,97.000396,284.77941,0.43237005,2.0779252,9.6783725
1007,1.006,38.252835,97.285476,284.97986,0.43445286,2.087665,9.7193233
1008,1.007,38.350263,97.570726,285.16044,0.43654543,2.0974459,9.7603811
1009,1.008,38.447976,97.856127,285.3208,0.43864779,2.107268,9.8015455
1010,1.009,38.545975,98.141658,285.46059,0.44076,2.1171315,9.842816
1011,1.01,38.64426,98.427297,285.57948,0.4428821,2.1270363,9.8841919
1012,1.011,38.74283,98.713023,285.67712,0.44501412,2.1369827,9.9256727
1013,1.012,38.841686,98.998814,285.75315,0.4471561,2.1469708,9.9672577
1014,1.013,38.940828,99.284648,285.80721,0.4493081,2.1570006,10.008946
1015,1.014,39.040255,99.570503,285.83896,0.45147015,2.1670722,10.050738
1016,1.015,39.139969,99.856355,285.84801,0.45364229,2.1771858,10.092633
1017,1.016,39.239968,100.14218,285.83401,0.45582456,2.1873414,10.134629
1018,1.017,39.340253,100.42796,285.79658,0.45801701,2.1975392,10.176726
1019,1.018,39.440824,100.71367,285.73535,0.46021968,2.2077792,10.218924
1020,1.019,39.54168,100.99927,285.64993,0.46243261,2.2180616,10.261221
1021,1.02,39.642822,101.28476,285.53995,0.46465585,2.2283864,10.303618
1022,1.021,39.74425,101.57009,285.40501,0.46688943,2.2387538,10.346113
1023,1.022,39.845962,101.85526,285.24473,0.4691334,2.2491638,10.388706
1024,1.023,39.94796,102.14023,285.0587,0.4713878,2.2596165,10.431396
1025,1.024,40.050243,102.42497,284.84654,0.47365267,2.2701121,10.474182
1026,1.025,40.15281,102.70945,284.60782,0.47592806,2.2806506,10.517064
1027,1.026,40.255661,102.99366,284.34216,0.47821402,2.2912321,10.560041
1028,1.027,40.358797,103.27757,284.04913,0.48051057,2.3018568,10.603111
1029,1.028,40.462216,103.56113,283.72832,0.48281777,2.3125246,10.646275
1030,1.029,40.565919,103.84434,283.37931,0.48513566,2.3232358,10.689531
1031,1.03,40.669904,104.12715,283.00167,0.48746429,2.3339903,10.732879
1032,1.031,40.774173,104.40954,282.59499,0.48980369,2.3447884,10.776318
1033,1.032,40.878723,104.69148,282.15881,0.49215391,2.35563,10.819846
1034,1.033,40.983555,104.97294,281.69272,0.49451499,2.3665153,10.863464
1035,1.034,41.088668,105.25389,281.19627,0.49688698,2.3774443,10.90717
1036,1.035,41.194062,105.5343,280.66902,0.49926992,2.3884171,10.950963
1037,1.036,41.299736,105.81413,280.11051,0.50166386,2.3994339,10.994843
1038,1.037,41.40569,106.09335,279.52029,0.50406884,2.4104947,11.038809
1039,1.038,41.511922,106.37194,278.89791,0.50648489,2.4215996,11.082859
1040,1.039,41.618433,106.64986,278.24291,0.50891208,2.4327487,11.126993
1041,1.04,41.725222,106.92707,277.55481,0.51135044,2.443942,11.17121
1042,1.041,41.832287,107.20354,276.83316,0.51380001,2.4551796,11.215508
1043,1.042,41.939628,107.47924,276.07748,0.51626084,2.4664617,11.259888
1044,1.043,42.047244,107.75413,275.28729,0.51873298,2.4777883,11.304348
1045,1.044,42.155135,108.02818,274.4621,0.52121646,2.4891595,11.348886
1046,1.045,42.2633,108.30135,273.60144,0.52371134,2.5005753,11.393503
1047,1.046,42.371737,108.57361,272.70482,0.52621766,2.5120358,11.438197
1048,1.047,42.480446,108.84491,271.77173,0.52873546,2.5235412,11.482966
1049,1.048,42.589426,109.11523,270.80168,0.53126478,2.5350914,11.527811
1050,1.049,42.698676,109.38452,269.79417,0.53380568,2.5466866,11.57273
1051,1.05,42.808194,109.65275,268.74869,0.5363582,2.5583268,11.617721
1052,1.051,42.91798,109.91987,267.66473,0.53892238,2.5700121,11.662784
1053,1.052,43.028033,110.18585,266.54178,0.54149827,2.5817426,11.707918
1054,1.053,43.138351,110.45065,265.37932,0.54408591,2.5935183,11.753121
1055,1.054,43.248933,110.71422,264.17682,0.54668535,2.6053394,11.798393
1056,1.055,43.359778,110.97653,262.93375,0.54929664,2.6172058,11.843733
1057,1.056,43.470884,111.23754,261.6496,0.55191981,2.6291176,11.889138
1058,1.057,43.582251,111.4972,260.32381,0.55455492,2.6410749,11.934609
1059,1.058,43.693877,111.75548,258.95585,0.55720201,2.6530778,11.980144
1060,1.059,43.805761,112.01231,257.54519,0.55986112,2.6651264,12.025741
1061,1.06,43.917901,112.26768,256.09126,0.5625323,2.6772206,12.071401
1062,1.061,44.030295,112.52152,254.59352,0.56521561,2.6893606,12.117121
1063,1.062,44.142942,112.7738,253.05142,0.56791107,2.7015464,12.1629
1064,1.063,44.255841,113.02448,251.46439,0.57061874,2.713778,12.208737
1065,1.064,44.368989,113.27349,249.83187,0.57333867,2.7260556,12.254631
1066,1.065,44.482386,113.5208,248.1533,0.5760709,2.7383792,12.300581
1067,1.066,44.596029,113.76637,246.4281,0.57881548,2.7507488,12.346585
1068,1.067,44.709917,114.01014,244.6557,0.58157245,2.7631644,12.392642
1069,1.068,44.824048,114.25207,242.83552,0.58434185,2.7756262,12.438752
1070,1.069,44.938419,114.4921,240.96697,0.58712374,2.7881342,12.484912
1071,1.07,45.05303,114.73019,239.04948,0.58991817,2.8006885,12.531121
1072,1.071,45.167878,114.96629,237.08245,0.59272517,2.813289,12.577378
1073,1.072,45.282961,115.20034,235.06529,0.59554479,2.8259358,12.623683
1074,1.073,45.398276,115.43231,232.99739,0.59837708,2.838629,12.670033
1075,1.074,45.513823,115.66213,230.87817,0.6012221,2.8513686,12.716427
1076,1.075,45.629599,115.88975,228.70701,0.60407987,2.8641547,12.762864
1077,1.076,45.7456,116.11512,226.4833,0.60695045,2.8769873,12.809342
1078,1.077,45.861826,116.33819,224.20644,0.60983389,2.8898664,12.855861
1079,1.078,45.978274,116.5589,221.87581,0.61273023,2.9027921,12.902419
1080,1.079,46.094942,116.7772,219.49079,0.61563952,2.9157644,12.949014
1081,1.08,46.211826,116.99303,217.05076,0.61856181,2.9287834,12.995645
1082,1.081,46.328925,117.20633,214.55509,0.62149713,2.941849,13.042312
1083,1.082,46.446237,117.41706,212.00316,0.62444555,2.9549614,13.089011
1084,1.083,46.563757,117.62515,209.39433,0.6274071,2.9681205,13.135743
1085,1.084,46.681484,117.83055,206.72796,0.63038184,2.9813264,13.182506
1086,1.085,46.799415,118.03319,204.00343,0.6333698,2.9945791,13.229297
1087,1.086,46.917548,118.23302,201.22008,0.63637104,3.0078786,13.276117
1088,1.087,47.035879,118.42997,198.37728,0.63938561,3.021225,13.322963
1089,1.088,47.154405,118.62399,195.47438,0.64241354,3.0346183,13.369834
1090,1.089,47.273124,118.81502,192.51072,0.64545489,3.0480584,13.416729
1091,1.09,47.392032,119.003,189.48565,0.6485097,3.0615455,13.463646
1092,1.091,47.511126,119.18785,186.39852,0.65157803,3.0750796,13.510584
1093,1.092,47.630404,119.36952,183.24867,0.65465991,3.0886606,13.557541
1094,1.093,47.749862,119.54795,180.03544,0.6577554,3.1022886,13.604517
1095,1.094,47.869497,119.72307,176.75816,0.66086453,3.1159636,13.651508
1096,1.095,47.989305,119.89482,173.41617,0.66398737,3.1296856,13.698515
1097,1.096,48.109283,120.06312,170.00879,0.66712395,3.1434547,13.745535
1098,1.097,48.229428,120.22792,166.53537,0.67027433,3.1572708,13.792568
1099,1.098,48.349736,120.38915,162.99522,0.67343854,3.1711339,13.839611
1100,1.099,48.470203,120.54673,159.38766,0.67661664,3.1850441,13.886663
1101,1.1,48.590825,120.70061,155.71203,0.67980868,3.1990014,13.933724
1102,1.101,48.7116,120.8507,151.96764,0.68301469,3.2130057,13.98079
1103,1.102,48.832523,120.99695,148.15381,0.68623474,3.2270571,14.027862
1104,1.103,48.95359,121.13928,144.26986,0.68946885,3.2411555,14.074936
1105,1.104,49.074797,121.27761,140.31509,0.69271709,3.2553011,14.122013
1106,1.105,49.196141,121.41189,136.28884,0.6959795,3.2694937,14.16909
1107,1.106,49.317617,121.54203,132.19039,0.69925613,3.2837334,14.216167
1108,1.107,49.439221,121.66796,128.01907,0.70254702,3.2980202,14.26324
1109,1.108,49.560949,121.78962,123.77419,0.70585222,3.3123541,14.31031
1110,1.109,49.682796,121.90691,119.45505,0.70917177,3.326735,14.357375
1111,1.11,49.804758,122.01977,115.06095,0.71250573,3.3411629,14.404432
1112,1.111,49.926831,122.12813,110.59121,0.71585414,3.3556379,14.451482
1113,1.112,50.04901,122.2319,106.04512,0.71921706,3.37016,14.498521
1114,1.113,50.17129,122.33101,101.422,0.72259451,3.384729,14.54555
1115,1.114,50.293667,122.42538,96.721129,0.72598656,3.3993451,14.592566
1116,1.115,50.416136,122.51494,91.941827,0.72939325,3.4140082,14.639567
1117,1.116,50.538692,122.59959,87.083388,0.73281462,3.4287182,14.686553
1118,1.117,50.661331,122.67927,82.145115,0.73625073,3.4434752,14.733522
1119,1.118,50.784046,122.75388,77.126308,0.73970162,3.4582792,14.780473
1120,1.119,50.906833,122.82336,72.026266,0.74316734,3.47313,14.827404
1121,1.12,51.029687,122.88761,66.84429,0.74664793,3.4880278,14.874313
1122,1.121,51.152603,122.94656,61.579679,0.75014344,3.5029725,14.9212
1123,1.122,51.275575,123.00012,56.231735,0.75365392,3.517964,14.968063
1124,1.123,51.398598,123.0482,50.799758,0.75717941,3.5330023,15.0149
1125,1.124,51.521666,123.09073,45.283048,0.76071997,3.5480874,15.061711
1126,1.125,51.644774,123.12761,39.680909,0.76427564,3.5632193,15.108493
1127,1.126,51.767916,123.15875,33.99264,0.76784646,3.5783979,15.155245
1128,1.127,51.891086,123.18408,28.217547,0.77143248,3.5936232,15.201966
1129,1.128,52.014278,123.20351,22.354933,0.77503375,3.6088952,15.248655
1130,1.129,52.137487,123.21694,16.404104,0.77865032,3.6242139,15.29531
1131,1.13,52.260706,123.22428,10.364365,0.78228222,3.6395791,15.34193
1132,1.131,52.383929,123.22545,4.2350255,0.78592952,3.6549909,15.388514
1133,1.132,52.50715,123.22036,-1.9846059,0.78959225,3.6704492,15.435059
1134,1.133,52.630363,123.20891,-8.2952179,0.79327047,3.6859541,15.481566
1135,1.134,52.753562,123.19101,-14.697497,0.79696421,3.7015053,15.528032
1136,1.135,52.876739,123.16657,-21.192129,0.80067352,3.717103,15.574457
1137,1.136,52.999888,123.1355,-27.779797,0.80439846,3.732747,15.620839
1138,1.137,53.123003,123.09769,-34.46118,0.80813906,3.7484374,15.667176
1139,1.138,53.246077,123.05307,-41.236957,0.81189538,3.764174,15.713468
1140,1.139,53.369103,123.00153,-48.107803,0.81566746,3.7799568,15.759713
1141,1.14,53.492073,122.94297,-55.074391,0.81945534,3.7957858,15.80591
1142,1.141,53.614981,122.8773,-62.13739,0.82325908,3.811661,15.852059
1143,1.142,53.73782,122.80442,-69.297467,0.82707871,3.8275822,15.898156
1144,1.143,53.860583,122.72424,-76.555286,0.83091429,3.8435494,15.944203
1145,1.144,53.983262,122.63665,-83.911505,0.83476585,3.8595626,15.990196
1146,1.145,54.105849,122.54155,-91.366781,0.83863346,3.8756217,16.036136
1147,1.146,54.228337,122.43885,-98.921766,0.84251714,3.8917266,16.082021
1148,1.147,54.350719,122.32845,-106.57711,0.84641696,3.9078774,16.12785
1149,1.148,54.472986,122.21024,-114.33345,0.85033294,3.9240739,16.173621
1150,1.149,54.595132,122.08412,-122.19144,0.85426515,3.9403161,16.219335
1151,1.15,54.717147,121.94999,-130.1517,0.85821362,3.9566039,16.264989
1152,1.151,54.839023,121.80774,-138.21487,0.8621784,3.9729373,16.310583
1153,1.152,54.960754,121.65727,-146.38157,0.86615954,3.9893162,16.356115
1154,1.153,55.08233,121.49849,-154.65242,0.87015708,4.0057405,16.401585
1155,1.154,55.203742,121.33127,-163.02804,0.87417107,4.0222102,16.446992
1156,1.155,55.324984,121.15552,-171.50904,0.87820155,4.0387252,16.492335
1157,1.156,55.446045,120.97113,-180.09602,0.88224856,4.0552855,16.537612
1158,1.157,55.566917,120.77799,-188.78957,0.88631216,4.0718909,16.582823
1159,1.158,55.687592,120.576,-197.5903,0.89039239,4.0885414,16.627967
1160,1.159,55.80806,120.36505,-206.49879,0.89448929,4.105237,16.673044
1161,1.16,55.928313,120.14503,-215.51561,0.89860291,4.1219776,16.718051
1162,1.161,56.048341,119.91582,-224.64134,0.90273329,4.138763,16.762989
1163,1.162,56.168136,119.67733,-233.87654,0.90688048,4.1555933,16.807856
1164,1.163,56.287687,119.42943,-243.22178,0.91104452,4.1724684,16.852653
1165,1.164,56.406985,119.17203,-252.6776,0.91522546,4.1893881,16.897377
1166,1.165,56.526021,118.905,-262.24455,0.91942334,4.2063525,16.942029
1167,1.166,56.644785,118.62824,-271.92315,0.92363821,4.2233614,16.986607
1168,1.167,56.763268,118.34163,-281.71395,0.92787011,4.2404147,17.031111
1169,1.168,56.881459,118.04506,-291.61747,0.93211908,4.2575125,17.075541
1170,1.169,56.999348,117.73842,-301.6342,0.93638518,4.2746545,17.119895
1171,1.17,57.116925,117.42159,-311.76465,0.94066844,4.2918409,17.164173
1172,1.171,57.234181,117.09446,-322.00933,0.94496891,4.3090713,17.208374
1173,1.172,57.351104,116.75691,-332.36871,0.94928662,4.3263459,17.252499
1174,1.173,57.467684,116.40883,-342.84326,0.95362164,4.3436645,17.296545
1175,1.174,57.583911,116.0501,-353.43346,0.957974,4.361027,17.340514
1176,1.175,57.699774,115.68061,-364.13976,0.96234374,4.3784333,17.384403
1177,1.176,57.815261,115.30023,-374.96261,0.96673091,4.3958834,17.428214
1178,1.177,57.930363,114.90886,-385.90244,0.97113555,4.4133772,17.471945
1179,1.178,58.045068,114.50637,-396.95967,0.97555771,4.4309147,17.515596
1180,1.179,58.159365,114.09265,-408.13473,0.97999742,4.4484956,17.559166
1181,1.18,58.273242,113.66757,-419.42802,0.98445474,4.46612,17.602656
1182,1.181,58.386689,113.23103,-430.83992,0.98892971,4.4837878,17.646065
1183,1.182,58.499693,112.78289,-442.37083,0.99342236,4.5014988,17.689392
1184,1.183,58.612243,112.32305,-454.0211,0.99793275,4.5192531,17.732637
1185,1.184,58.724327,111.85137,-465.7911,1.0024609,4.5370505,17.775801
1186,1.185,58.835934,111.36774,-477.68117,1.0070069,4.5548909,17.818882
1187,1.186,58.94705,110.87205,-489.69164,1.0115707,4.5727743,17.861881
1188,1.187,59.057665,110.36416,-501.82285,1.0161525,4.5907005,17.904797
1189,1.188,59.167766,109.84396,-514.07508,1.0207522,4.6086696,17.947631
1190,1.189,59.277341,109.31132,-526.44864,1.0253699,4.6266813,17.990382
1191,1.19,59.386377,108.76613,-538.9438,1.0300056,4.6447357,18.03305
1192,1.191,59.494861,108.20826,-551.56084,1.0346594,4.6628326,18.075634
1193,1.192,59.60278,107.63759,-564.30001,1.0393313,4.680972,18.118136
1194,1.193,59.710123,107.054,-577.16154,1.0440214,4.6991538,18.160554
1195,1.194,59.816875,106.45736,-590.14566,1.0487296,4.7173779,18.20289
1196,1.195,59.923025,105.84755,-603.25257,1.0534562,4.7356441,18.245142
1197,1.196,60.028557,105.22446,-616.48248,1.058201,4.7539525,18.287311
1198,1.197,60.13346,104.58795,-629.83555,1.0629641,4.772303,18.329397
1199,1.198,60.23772,103.93789,-643.31196,1.0677456,4.7906954,18.3714
1200,1.199,60.341322,103.27418,-656.91185,1.0725455,4.8091296,18.41332
1201,1.2,60.444254,102.59669,-670.63535,1.0773639,4.8276057,18.455158
1202,1.201,60.546502,101.90528,-684.48258,1.0822008,4.8461235,18.496913
1203,1.202,60.648051,101.19984,-698.45362,1.0870562,4.8646829,18.538585
1204,1.203,60.748887,100.48024,-712.54857,1.0919302,4.8832839,18.580175
1205,1.204,60.848997,99.746368,-726.76749,1.0968228,4.9019263,18.621684
1206,1.205,60.948366,98.998086,-741.11042,1.1017341,4.9206102,18.66311
1207,1.206,61.046979,98.235275,-755.57738,1.1066641,4.9393353,18.704455
1208,1.207,61.144822,97.457811,-770.16839,1.1116128,4.9581016,18.745718
1209,1.208,61.24188,96.66557,-784.88344,1.1165803,4.9769091,18.786901
1210,1.209,61.338138,95.858428,-799.72249,1.1215667,4.9957577,18.828003
1211,1.21,61.433582,95.036261,-814.68551,1.1265719,5.0146472,18.869024
1212,1.211,61.528196,94.198945,-829.77242,1.131596,5.0335777,18.909965
1213,1.212,61.621964,93.346357,-844.98314,1.1366391,5.0525489,18.950826
1214,1.213,61.714873,92.478372,-860.31755,1.1417011,5.0715609,18.991608
1215,1.214,61.806906,91.594867,-875.77553,1.1467822,5.0906136,19.032311
1216,1.215,61.898047,90.69572,-891.35694,1.1518824,5.1097068,19.072935
1217,1.216,61.988281,89.780806,-907.06159,1.1570017,5.1288406,19.113481
1218,1.217,62.077593,88.850003,-922.8893,1.1621401,5.1480148,19.153948
1219,1.218,62.165965,87.903188,-938.83986,1.1672978,5.1672293,19.194338
1220,1.219,62.253383,86.940238,-954.91303,1.1724746,5.1864841,19.234651
1221,1.22,62.33983,85.961032,-971.10854,1.1776708,5.2057791,19.274887
1222,1.221,62.425289,84.965447,-987.42613,1.1828862,5.2251142,19.315046
1223,1.222,62.509744,83.953362,-1003.8655,1.188121,5.2444894,19.355129
1224,1.223,62.593179,82.924655,-1020.4263,1.1933752,5.2639045,19.395137
1225,1.224,62.675577,81.879206,-1037.1081,1.1986489,5.2833596,19.435069
1226,1.225,62.756921,80.816894,-1053.9107,1.203942,5.3028544,19.474927
1227,1.226,62.837194,79.737599,-1070.8336,1.2092546,5.322389,19.514709
1228,1.227,62.916379,78.641201,-1087.8763,1.2145868,5.3419633,19.554418
1229,1.228,62.994459,77.527582,-1105.0385,1.2199386,5.3615772,19.594053
1230,1.229,63.071417,76.396622,-1122.3196,1.22531,5.3812306,19.633614
1231,1.23,63.147235,75.248203,-1139.7191,1.2307011,5.4009234,19.673102
1232,1.231,63.221896,74.082207,-1157.2366,1.2361119,5.4206556,19.712517
1233,1.232,63.295382,72.898519,-1174.8714,1.2415425,5.4404272,19.75186
1234,1.233,63.367675,71.69702,-1192.6229,1.2469928,5.4602379,19.79113
1235,1.234,63.438758,70.477595,-1210.4906,1.252463,5.4800879,19.830329
1236,1.235,63.508612,69.24013,-1228.4738,1.257953,5.4999769,19.869455
1237,1.236,63.57722,67.984509,-1246.5719,1.263463,5.5199049,19.90851
1238,1.237,63.644563,66.710619,-1264.784,1.2689929,5.5398719,19.947494
1239,1.238,63.710623,65.418347,-1283.1095,1.2745427,5.5598778,19.986407
1240,1.239,63.775381,64.10758,-1301.5477,1.2801127,5.5799224,20.025248
1241,1.24,63.838819,62.778207,-1320.0977,1.2857026,5.6000058,20.064018
1242,1.241,63.900919,61.430118,-1338.7586,1.2913127,5.6201279,20.102718
1243,1.242,63.961661,60.063203,-1357.5298,1.2969429,5.6402886,20.141346
1244,1.243,64.021026,58.677352,-1376.4102,1.3025933,5.6604878,20.179904
1245,1.244,64.078997,57.272459,-1395.3989,1.3082639,5.6807254,20.21839
1246,1.245,64.135552,55.848416,-1414.495,1.3139548,5.7010014,20.256806
1247,1.246,64.190674,54.405117,-1433.6975,1.319666,5.7213157,20.29515
1248,1.247,64.244343,52.942458,-1453.0054,1.3253975,5.7416683,20.333422
1249,1.248,64.29654,51.460334,-1472.4175,1.3311494,5.762059,20.371622
1250,1.249,64.347244,49.958644,-1491.9329,1.3369216,5.7824878,20.40975
1251,1.25,64.396437,48.437285,-1511.5504,1.3427144,5.8029546,20.447806
1252,1.251,64.444099,46.896157,-1531.2687,1.3485276,5.8234594,20.485788
1253,1.252,64.49021,45.335161,-1551.0868,1.3543613,5.8440021,20.523697
1254,1.253,64.53475,43.754199,-1571.0033,1.3602156,5.8645825,20.561531
1255,1.254,64.577698,42.153175,-1591.0171,1.3660905,5.8852007,20.59929
1256,1.255,64.619036,40.531994,-1611.1266,1.3719861,5.9058565,20.636974
1257,1.256,64.658742,38.890561,-1631.3307,1.3779023,5.9265499,20.67458
1258,1.257,64.696797,37.228785,-1651.6278,1.3838392,5.9472808,20.712109
1259,1.258,64.733179,35.546574,-1672.0166,1.3897969,5.9680491,20.74956
1260,1.259,64.767869,33.843839,-1692.4956,1.3957753,5.9888547,20.78693
1261,1.26,64.800846,32.120492,-1713.0632,1.4017746,6.0096975,20.824219
1262,1.261,64.83209,30.376446,-1733.7179,1.4077948,6.0305776,20.861426
1263,1.262,64.861579,28.611618,-1754.4581,1.4138358,6.0514947,20.898549
1264,1.263,64.889292,26.825924,-1775.282,1.4198978,6.0724488,20.935586
1265,1.264,64.915209,25.019283,-1796.188,1.4259808,6.0934398,20.972537
1266,1.265,64.93931,23.191616,-1817.1744,1.4320847,6.1144676,21.009398
1267,1.266,64.961572,21.342844,-1838.2394,1.4382097,6.1355322,21.046168
1268,1.267,64.981974,19.472892,-1859.381,1.4443558,6.1566334,21.082845
1269,1.268,65.000496,17.581686,-1880.5974,1.450523,6.1777711,21.119427
1270,1.269,65.017116,15.669155,-1901.8867,1.4567114,6.1989452,21.155911
1271,1.27,65.031813,13.735228,-1923.2469,1.462921,6.2201557,21.192295
1272,1.271,65.044565,11.779837,-1944.676,1.4691517,6.2414024,21.228576
1273,1.272,65.055351,9.8029178,-1966.1717,1.4754038,6.2626853,21.264752
1274,1.273,65.06415,7.8044055,-1987.7321,1.4816771,6.2840041,21.300819
1275,1.274,65.070939,5.7842393,-2009.3549,1.4879718,6.3053589,21.336775
1276,1.275,65.075696,3.7423601,-2031.0378,1.4942879,6.3267494,21.372615
1277,1.276,65.078401,1.6787112,-2052.7785,1.5006254,6.3481756,21.408337
1278,1.277,65.079032,-0.40676157,-2074.5747,1.5069843,6.3696373,21.443937
1279,1.278,65.077566,-2.5141101,-2096.4239,1.5133647,6.3911345,21.479411
1280,1.279,65.073982,-4.6433837,-2118.3237,1.5197666,6.4126669,21.514754
1281,1.28,65.068257,-6.7946291,-2140.2715,1.5261901,6.4342345,21.549964
1282,1.281,65.060371,-8.9678905,-2162.2648,1.5326351,6.4558371,21.585034
1283,1.282,65.0503,-11.163209,-2184.3007,1.5391018,6.4774745,21.619961
1284,1.283,65.038022,-13.380624,-2206.3768,1.5455901,6.4991466,21.65474
1285,1.284,65.023516,-15.620171,-2228.4901,1.5521001,6.5208533,21.689365
1286,1.285,65.00676,-17.881882,-2250.6377,1.5586318,6.5425944,21.723831
1287,1.286,64.98773,-20.165789,-2272.8169,1.5651853,6.5643696,21.758133
1288,1.287,64.966406,-22.471917,-2295.0246,1.5717606,6.586179,21.792264
1289,1.288,64.942764,-24.800292,-2317.2577,1.5783577,6.6080222,21.826219
1290,1.289,64.916783,-27.150933,-2339.5132,1.5849767,6.629899,21.859991
1291,1.29,64.88844,-29.523858,-2361.7878,1.5916175,6.6518094,21.893574
1292,1.291,64.857713,-31.919081,-2384.0784,1.5982803,6.6737531,21.92696
1293,1.292,64.82458,-34.336614,-2406.3815,1.6049651,6.6957298,21.960143
1294,1.293,64.789017,-36.776464,-2428.6937,1.6116718,6.7177394,21.993114
1295,1.294,64.751004,-39.238635,-2451.0117,1.6184006,6.7397816,22.025867
1296,1.295,64.710518,-41.723127,-2473.3318,1.6251514,6.7618563,22.058393
1297,1.296,64.667536,-44.229936,-2495.6504,1.6319243,6.7839631,22.090684
1298,1.297,64.622036,-46.759057,-2517.9638,1.6387194,6.8061019,22.12273
1299,1.298,64.573995,-49.310477,-2540.2682,1.6455366,6.8282723,22.154524
1300,1.299,64.523392,-51.884183,-2562.5598,1.6523759,6.8504741,22.186055
1301,1.3,64.470205,-54.480155,-2584.8345,1.6592375,6.8727071,22.217314
1302,1.301,64.41441,-57.09837,-2607.0885,1.6661214,6.8949708,22.24829
1303,1.302,64.355986,-59.738802,-2629.3175,1.6730275,6.9172652,22.278974
1304,1.303,64.29491,-62.401419,-2651.5174,1.679956,6.9395897,22.309355
1305,1.304,64.231161,-65.086187,-2673.6839,1.6869067,6.9619442,22.33942
1306,1.305,64.164716,-67.793063,-2695.8126,1.6938799,6.9843282,22.36916
1307,1.306,64.095553,-70.522006,-2717.899,1.7008754,7.0067414,22.398561
1308,1.307,64.02365,-73.272964,-2739.9386,1.7078934,7.0291836,22.427611
1309,1.308,63.948985,-76.045885,-2761.9268,1.7149338,7.0516542,22.456298
1310,1.309,63.871536,-78.84071,-2783.8587,1.7219967,7.074153,22.484609
1311,1.31,63.791281,-81.657375,-2805.7296,1.7290821,7.0966795,22.512529
1312,1.311,63.708199,-84.495812,-2827.5346,1.7361901,7.1192333,22.540044
1313,1.312,63.622268,-87.355947,-2849.2686,1.7433206,7.141814,22.567141
1314,1.313,63.533466,-90.237703,-2870.9265,1.7504738,7.1644211,22.593804
1315,1.314,63.441771,-93.140994,-2892.503,1.7576495,7.1870542,22.620018
1316,1.315,63.347162,-96.065732,-2913.9928,1.7648479,7.2097129,22.645766
1317,1.316,63.249618,-99.011821,-2935.3906,1.772069,7.2323965,22.671033
1318,1.317,63.149117,-101.97916,-2956.6907,1.7793127,7.2551047,22.695801
1319,1.318,63.045639,-104.96765,-2977.8876,1.7865792,7.2778369,22.720053
1320,1.319,62.939161,-107.97717,-2998.9754,1.7938684,7.3005925,22.743771
1321,1.32,62.829663,-111.0076,-3019.9484,1.8011804,7.323371,22.766937
1322,1.321,62.717125,-114.05883,-3040.8006,1.8085152,7.3461719,22.789532
1323,1.322,62.601525,-117.13072,-3061.5258,1.8158728,7.3689944,22.811535
1324,1.323,62.482843,-120.22313,-3082.118,1.8232532,7.391838,22.832928
1325,1.324,62.361058,-123.33593,-3102.5707,1.8306565,7.4147021,22.853689
1326,1.325,62.236151,-126.46896,-3122.8777,1.8380826,7.437586,22.873798
1327,1.326,62.1081,-129.62207,-3143.0323,1.8455317,7.4604889,22.893232
1328,1.327,61.976887,-132.7951,-3163.028,1.8530036,7.4834102,22.911969
1329,1.328,61.84249,-135.98787,-3182.858,1.8604985,7.5063492,22.929987
1330,1.329,61.704891,-139.20021,-3202.5153,1.8680163,7.5293051,22.947262
1331,1.33,61.56407,-142.43194,-3221.9931,1.8755571,7.5522772,22.963769
1332,1.331,61.420008,-145.68287,-3241.2841,1.8831209,7.5752645,22.979484
1333,1.332,61.272685,-148.9528,-3260.3811,1.8907077,7.5982663,22.994381
1334,1.333,61.122083,-152.24153,-3279.2769,1.8983174,7.6212818,23.008435
1335,1.334,60.968184,-155.54884,-3297.9638,1.9059502,7.64431,23.021619
1336,1.335,60.810967,-158.87451,-3316.4344,1.9136061,7.6673501,23.033905
1337,1.336,60.650416,-162.21831,-3334.6808,1.9212849,7.690401,23.045266
1338,1.337,60.486513,-165.58001,-3352.6952,1.9289869,7.7134619,23.055673
1339,1.338,60.319239,-168.95937,-3370.4696,1.9367119,7.7365317,23.065097
1340,1.339,60.148576,-172.35613,-3387.9959,1.94446,7.7596094,23.073507
1341,1.34,59.974509,-175.77003,-3405.2659,1.9522311,7.782694,23.080874
1342,1.341,59.797019,-179.2008,-3422.2713,1.9600253,7.8057843,23.087166
1343,1.342,59.616091,-182.64817,-3439.0034,1.9678427,7.8288792,23.09235
1344,1.343,59.431707,-186.11185,-3455.4538,1.9756831,7.8519776,23.096395
1345,1.344,59.243851,-189.59154,-3471.6137,1.9835466,7.8750783,23.099266
1346,1.345,59.052508,-193.08695,-3487.4742,1.9914333,7.8981801,23.100931
1347,1.346,58.857661,-196.59775,-3503.0264,1.999343,7.9212817,23.101353
1348,1.347,58.659297,-200.12363,-3518.2611,2.0072758,7.9443817,23.100498
1349,1.348,58.457399,-203.66425,-3533.169,2.0152318,7.967479,23.098329
1350,1.349,58.251954,-207.21928,-3547.7409,2.0232108,7.990572,23.09481
1351,1.35,58.042946,-210.78836,-3561.9672,2.0312129,8.0136595,23.089903
1352,1.351,57.830363,-214.37113,-3575.8383,2.0392381,8.0367399,23.083569
1353,1.352,57.614191,-217.96723,-3589.3445,2.0472864,8.0598117,23.075769
1354,1.353,57.394416,-221.57627,-3602.4759,2.0553577,8.0828736,23.066465
1355,1.354,57.171025,-225.19787,-3615.2226,2.0634521,8.1059237,23.055615
1356,1.355,56.944008,-228.83162,-3627.5745,2.0715695,8.1289607,23.043179
1357,1.356,56.71335,-232.47711,-3639.5213,2.07971,8.1519828,23.029114
1358,1.357,56.479042,-236.13393,-3651.0528,2.0878735,8.1749883,23.013378
1359,1.358,56.241071,-239.80164,-3662.1586,2.09606,8.1979755,22.995928
1360,1.359,55.999428,-243.47981,-3672.8281,2.1042694,8.2209426,22.97672
1361,1.36,55.754101,-247.16797,-3683.0506,2.1125018,8.2438878,22.95571
1362,1.361,55.505082,-250.86567,-3692.8155,2.1207572,8.2668092,22.932852
1363,1.362,55.252361,-254.57243,-3702.1119,2.1290354,8.289705,22.908102
1364,1.363,54.995928,-258.28776,-3710.9288,2.1373366,8.312573,22.881411
1365,1.364,54.735777,-262.01118,-3719.2553,2.1456606,8.3354114,22.852734
1366,1.365,54.471898,-265.74218,-3727.0802,2.1540074,8.3582181,22.822022
1367,1.366,54.204285,-269.48022,-3734.3924,2.162377,8.3809909,22.789228
1368,1.367,53.932931,-273.2248,-3741.1805,2.1707693,8.4037278,22.754303
1369,1.368,53.657829,-276.97536,-3747.4333,2.1791844,8.4264264,22.717196
1370,1.369,53.378975,-280.73135,-3753.1392,2.1876221,8.4490846,22.67786
1371,1.37,53.096362,-284.49221,-3758.2869,2.1960825,8.4717,22.636243
1372,1.371,52.809986,-288.25736,-3762.8647,2.2045655,8.4942704,22.592293
1373,1.372,52.519843,-292.02622,-3766.8611,2.213071,8.5167931,22.545961
1374,1.373,52.22593,-295.79819,-3770.2645,2.221599,8.539266,22.497195
1375,1.374,51.928244,-299.57265,-3773.0631,2.2301495,8.5616863,22.445941
1376,1.375,51.626782,-303.34899,-3775.2454,2.2387223,8.5840515,22.392148
1377,1.376,51.321544,-307.12657,-3776.7995,2.2473175,8.6063591,22.335764
1378,1.377,51.012528,-310.90474,-3777.7137,2.255935,8.6286063,22.276733
1379,1.378,50.699734,-314.68284,-3777.9762,2.2645747,8.6507905,22.215005
1380,1.379,50.383163,-318.46022,-3777.5754,2.2732365,8.6729087,22.150524
1381,1.38,50.062815,-322.23618,-3776.4994,2.2819204,8.6949583,22.083237
1382,1.381,49.738692,-326.01004,-3774.7366,2.2906264,8.7169363,22.01309
1383,1.382,49.410797,-329.78108,-3772.2752,2.2993542,8.7388398,21.940029
1384,1.383,49.079133,-333.5486,-3769.1036,2.308104,8.7606658,21.863999
1385,1.384,48.743704,-337.31186,-3765.2102,2.3168755,8.7824113,21.784948
1386,1.385,48.404514,-341.07013,-3760.5835,2.3256687,8.804073,21.70282
1387,1.386,48.061569,-344.82266,-3755.2119,2.3344835,8.8256479,21.617562
1388,1.387,47.714875,-348.56868,-3749.0841,2.3433199,8.8471328,21.52912
1389,1.388,47.364439,-352.30742,-3742.1888,2.3521777,8.8685244,21.43744
1390,1.389,47.010268,-356.0381,-3734.5149,2.3610569,8.8898194,21.342469
1391,1.39,46.652371,-359.75992,-3726.0511,2.3699573,8.9110144,21.244154
1392,1.391,46.290757,-363.47207,-3716.7867,2.3788788,8.932106,21.142442
1393,1.392,45.925437,-367.17374,-3706.7108,2.3878214,8.9530907,21.037282
1394,1.393,45.556421,-370.86411,-3695.8128,2.3967849,8.973965,20.92862
1395,1.394,45.18372,-374.54232,-3684.0822,2.4057692,8.9947253,20.816408
1396,1.395,44.807349,-378.20755,-3671.5088,2.4147742,9.015368,20.700593
1397,1.396,44.427319,-381.85892,-3658.0826,2.4237998,9.0358894,20.581127
1398,1.397,44.043645,-385.49556,-3643.7937,2.4328458,9.0562858,20.45796
1399,1.398,43.656343,-389.11662,-3628.6325,2.4419122,9.0765533,20.331044
1400,1.399,43.265428,-392.72118,-3612.5897,2.4509988,9.0966883,20.200333
1401,1.4,42.870917,-396.30837,-3595.6561,2.4601055,9.1166868,20.065781
1402,1.401,42.472829,-399.87728,-3577.8231,2.4692321,9.136545,19.927343
1403,1.402,42.071182,-403.42699,-3559.0821,2.4783784,9.1562587,19.784975
1404,1.403,41.665995,-406.95659,-3539.425,2.4875444,9.1758242,19.638635
1405,1.404,41.257289,-410.46514,-3518.8439,2.4967299,9.1952373,19.488281
1406,1.405,40.845086,-413.95172,-3497.3313,2.5059348,9.214494,19.333876
1407,1.406,40.429408,-417.41537,-3474.8802,2.5151588,9.2335901,19.17538
1408,1.407,40.010279,-420.85516,-3451.4838,2.5244018,9.2525216,19.012757
1409,1.408,39.587722,-424.27012,-3427.1358,2.5336636,9.2712841,18.845974
1410,1.409,39.161764,-427.6593,-3401.8304,2.5429442,9.2898737,18.674997
1411,1.41,38.73243,-431.02172,-3375.5621,2.5522432,9.3082858,18.499795
1412,1.411,38.299747,-434.35643,-3348.3259,2.5615606,9.3265165,18.320341
1413,1.412,37.863745,-437.66245,-3320.1173,2.5708961,9.3445612,18.136606
1414,1.413,37.424452,-440.93879,-3290.9324,2.5802495,9.3624157,17.948568
1415,1.414,36.981898,-444.18447,-3260.7676,2.5896207,9.3800758,17.756203
1416,1.415,36.536114,-447.39852,-3229.62,2.5990094,9.3975369,17.559493
1417,1.416,36.087133,-450.57994,-3197.4871,2.6084156,9.4147948,17.35842
1418,1.417,35.634987,-453.72775,-3164.3672,2.6178388,9.431845,17.152968
1419,1.418,35.179711,-456.84095,-3130.2591,2.627279,9.4486832,16.943127
1420,1.419,34.72134,-459.91856,-3095.1619,2.636736,9.465305,16.728887
1421,1.42,34.25991,-462.9596,-3059.0758,2.6462094,9.4817059,16.510242
1422,1.421,33.795458,-465.96306,-3022.0013,2.6556992,9.4978816,16.287187
1423,1.422,33.328022,-468.92797,-2983.9397,2.665205,9.5138276,16.059724
1424,1.423,32.857641,-471.85334,-2944.8929,2.6747266,9.5295395,15.827853
1425,1.424,32.384356,-474.73819,-2904.8634,2.6842638,9.5450129,15.591581
1426,1.425,31.908206,-477.58154,-2863.8547,2.6938164,9.5602435,15.350917
1427,1.426,31.429235,-480.38242,-2821.8705,2.7033841,9.5752269,15.105873
1428,1.427,30.947484,-483.13985,-2778.9158,2.7129666,9.5899586,14.856465
1429,1.428,30.462999,-485.85289,-2734.9959,2.7225637,9.6044345,14.602711
1430,1.429,29.975823,-488.52057,-2690.117,2.7321752,9.6186501,14.344635
1431,1.43,29.486003,-491.14194,-2644.286,2.7418008,9.6326011,14.082262
1432,1.431,28.993586,-493.71606,-2597.5106,2.7514401,9.6462834,13.815623
1433,1.432,28.498619,-496.242,-2549.7992,2.7610931,9.6596928,13.54475
1434,1.433,28.001151,-498.71885,-2501.1612,2.7707592,9.6728249,13.26968
1435,1.434,27.501231,-501.14568,-2451.6065,2.7804384,9.6856757,12.990455
1436,1.435,26.99891,-503.52159,-2401.1459,2.7901303,9.6982412,12.707119
1437,1.436,26.494239,-505.84571,-2349.7909,2.7998346,9.7105172,12.41972
1438,1.437,25.987271,-508.11714,-2297.5541,2.8095511,9.7224998,12.12831
1439,1.438,25.478058,-510.33504,-2244.4484,2.8192793,9.7341851,11.832946
1440,1.439,24.966655,-512.49854,-2190.4879,2.8290191,9.7455691,11.533686
1441,1.44,24.453116,-514.60683,-2135.6874,2.8387702,9.7566482,11.230596
1442,1.441,23.937497,-516.65908,-2080.0624,2.8485321,9.7674185,10.923742
1443,1.442,23.419854,-518.65449,-2023.6292,2.8583047,9.7778764,10.613195
1444,1.443,22.900245,-520.59229,-1966.4049,2.8680876,9.7880184,10.29903
1445,1.444,22.378727,-522.4717,-1908.4074,2.8778804,9.7978409,9.9813267
1446,1.445,21.85536,-524.29197,-1849.6553,2.8876829,9.8073404,9.6601669
1447,1.446,21.330203,-526.0524,-1790.1681,2.8974948,9.8165138,9.3356371
1448,1.447,20.803316,-527.75226,-1729.9658,2.9073156,9.8253577,9.0078269
1449,1.448,20.274759,-529.39088,-1669.0695,2.9171451,9.8338691,8.6768299
1450,1.449,19.744595,-530.9676,-1607.5005,2.926983,9.8420448,8.3427429
1451,1.45,19.212886,-532.48177,-1545.2814,2.9368289,9.8498819,8.0056662
1452,1.451,18.679695,-533.93278,-1482.4349,2.9466824,9.8573776,7.6657037
1453,1.452,18.145084,-535.32004,-1418.9849,2.9565433,9.8645292,7.3229623
1454,1.453,17.609119,-536.64298,-1354.9555,2.9664112,9.8713341,6.9775522
1455,1.454,17.071863,-537.90106,-1290.3718,2.9762856,9.8777897,6.6295867
1456,1.455,16.533382,-539.09377,-1225.2592,2.9861664,9.8838936,6.279182
1457,1.456,15.993741,-540.2206,-1159.6439,2.9960531,9.8896437,5.9264574
1458,1.457,15.453006,-541.28111,-1093.5525,3.0059453,9.8950378,5.5715346
1459,1.458,14.911245,-542.27485,-1027.0123,3.0158428,9.9000738,5.2145381
1460,1.459,14.368524,-543.20142,-960.0509,3.0257451,9.90475,4.855595
1461,1.46,13.82491,-544.06044,-892.69656,3.0356519,9.9090644,4.4948345
1462,1.461,13.280471,-544.85156,-824.97789,3.0455629,9.9130156,4.1323883
1463,1.462,12.735275,-545.57446,-756.92394,3.0554776,9.916602,3.7683898
1464,1.463,12.18939,-546.22884,-688.56413,3.0653957,9.9198222,3.4029747
1465,1.464,11.642885,-546.81445,-619.92824,3.0753169,9.9226752,3.03628
1466,1.465,11.09583,-547.33106,-551.04639,3.0852407,9.9251597,2.6684446
1467,1.466,10.548292,-547.77846,-481.94895,3.0951668,9.9272749,2.2996088
1468,1.467,10.000342,-548.15648,-412.66657,3.1050949,9.92902,1.929914
1469,1.468,9.4520489,-548.465,-343.23009,3.1150245,9.9303943,1.5595026
1470,1.469,8.9034819,-548.70389,-273.67054,3.1249553,9.9313973,1.1885182
1471,1.47,8.3547108,-548.87308,-204.01911,3.1348869,9.9320287,0.81710486
1472,1.471,7.8058055,-548.97253,-134.30708,3.144819,9.9322882,0.44540721
1473,1.472,7.2568355,-549.00223,-64.565795,3.1547511,9.9321759,0.07357026
1474,1.473,6.7078707,-548.96218,5.1733493,3.164683,9.9316917,-0.29826082
1475,1.474,6.1589808,-548.85245,74.87897,3.1746141,9.9308359,-0.66994088
1476,1.475,5.6102355,-548.67311,144.51972,3.1845443,9.9296089,-1.041325
1477,1.476,5.0617042,-548.42427,214.06434,3.194473,9.9280112,-1.4122685
1478,1.477,4.5134563,-548.10608,283.48166,3.2043999,9.9260434,-1.7826275
1479,1.478,3.9655613,-547.71871,352.74069,3.2143247,9.9237063,-2.1522588
1480,1.479,3.418088,-547.26237,421.81059,3.224247,9.9210009,-2.5210198
1481,1.48,2.8711054,-546.73728,490.66079,3.2341663,9.9179283,-2.8887696
1482,1.481,2.324682,-546.14372,559.26092,3.2440824,9.9144896,-3.2553679
1483,1.482,1.7788863,-545.48198,627.58095,3.2539949,9.9106863,-3.6206765
1484,1.483,1.2337861,-544.75238,695.59114,3.2639035,9.9065198,-3.9845582
1485,1.484,0.68944915,-543.95529,763.26212,3.2738076,9.9019917,-4.3468781
1486,1.485,0.1459428,-543.09107,830.56491,3.2837071,9.8971039,-4.7075028
1487,1.486,-0.39666608,-542.16015,897.47096,3.2936015,9.8918582,-5.0663013
1488,1.487,-0.93831101,-541.16295,963.95215,3.3034904,9.8862566,-5.4231446
1489,1.488,-1.478926,-540.09996,1029.9808,3.3133736,9.8803013,-5.7779062
1490,1.489,-2.0184454,-538.97165,1095.5299,3.3232507,9.8739946,-6.1304621
1491,1.49,-2.5568042,-537.77856,1160.5728,3.3331213,9.8673388,-6.480691
1492,1.491,-3.093938,-536.52122,1225.0835,3.342985,9.8603364,-6.8284742
1493,1.492,-3.6297827,-535.20021,1289.0365,3.3528416,9.8529901,-7.1736959
1494,1.493,-4.164275,-533.81612,1352.4071,3.3626907,9.8453026,-7.5162436
1495,1.494,-4.6973522,-532.36956,1415.1709,3.3725319,9.8372767,-7.8560075
1496,1.495,-5.228952,-530.86119,1477.3045,3.3823649,9.8289154,-8.1928812
1497,1.496,-5.7590131,-529.29167,1538.785,3.3921894,9.8202217,-8.5267617
1498,1.497,-6.2874746,-527.66167,1599.5902,3.402005,9.8111988,-8.8575491
1499,1.498,-6.8142763,-525.97192,1659.6985,3.4118114,9.8018498,-9.1851473
1500,1.499,-7.339359,-524.22314,1719.0894,3.4216084,9.7921782,-9.5094634
1501,1.5,-7.8626639,-522.41607,1777.7426,3.4313955,9.7821873,-9.8304082
1502,1.501,-8.3841332,-520.55148,1835.639,3.4411724,9.7718807,-10.147896
1503,1.502,-8.9037098,-518.63016,1892.7599,3.4509389,9.7612619,-10.461846
1504,1.503,-9.4213372,-516.65291,1949.0877,3.4606946,9.7503345,-10.772178
1505,1.504,-9.9369601,-514.62054,2004.6053,3.4704393,9.7391024,-11.07882
1506,1.505,-10.450524,-512.5339,2059.2965,3.4801725,9.7275692,-11.3817
1507,1.506,-10.961974,-510.39383,2113.146,3.4898941,9.7157389,-11.680752
1508,1.507,-11.471258,-508.2012,2166.139,3.4996037,9.7036155,-11.975912
1509,1.508,-11.978324,-505.95687,2218.2617,3.509301,9.6912027,-12.267121
1510,1.509,-12.483121,-503.66175,2269.501,3.5189858,9.6785048,-12.554325
1511,1.51,-12.985597,-501.31673,2319.8448,3.5286578,9.6655258,-12.837472
1512,1.511,-13.485705,-498.92274,2369.2815,3.5383166,9.6522697,-13.116513
1513,1.512,-13.983394,-496.48068,2417.8004,3.547962,9.6387409,-13.391406
1514,1.513,-14.478619,-493.99149,2465.3916,3.5575938,9.6249434,-13.66211
1515,1.514,-14.971331,-491.45611,2512.046,3.5672117,9.6108816,-13.928588
1516,1.515,-15.461485,-488.8755,2557.7553,3.5768153,9.5965597,-14.190808
1517,1.516,-15.949037,-486.25061,2602.5118,3.5864045,9.581982,-14.44874
1518,1.517,-16.433943,-483.58241,2646.3087,3.595979,9.5671528,-14.702359
1519,1.518,-16.916159,-480.87185,2689.14,3.6055386,9.5520765,-14.951644
1520,1.519,-17.395644,-478.11992,2731.0002,3.6150829,9.5367575,-15.196575
1521,1.52,-17.872358,-475.32759,2771.8848,3.6246118,9.5212,-15.437137
1522,1.521,-18.34626,-472.49585,2811.7899,3.6341251,9.5054086,-15.673319
1523,1.522,-18.817311,-469.62568,2850.7122,3.6436224,9.4893876,-15.905112
1524,1.523,-19.285473,-466.71806,2888.6493,3.6531036,9.4731414,-16.132511
1525,1.524,-19.75071,-463.77399,2925.5992,3.6625685,9.4566744,-16.355514
1526,1.525,-20.212985,-460.79445,2961.5609,3.6720168,9.439991,-16.574122
1527,1.526,-20.672264,-457.78042,2996.5338,3.6814483,9.4230955,-16.788338
1528,1.527,-21.128512,-454.73291,3030.5179,3.6908628,9.4059924,-16.998169
1529,1.528,-21.581697,-451.6529,3063.514,3.70026,9.3886861,-17.203626
1530,1.529,-22.031786,-448.54137,3095.5234,3.7096399,9.3711808,-17.40472
1531,1.53,-22.478748,-445.39931,3126.548,3.7190022,9.353481,-17.601467
1532,1.531,-22.922554,-442.2277,3156.5902,3.7283467,9.3355909,-17.793884
1533,1.532,-23.363175,-439.02752,3185.6531,3.7376732,9.3175148,-17.98199
1534,1.533,-23.800581,-435.79973,3213.7401,3.7469815,9.2992571,-18.165809
1535,1.534,-24.234747,-432.54532,3240.8554,3.7562715,9.280822,-18.345365
1536,1.535,-24.665646,-429.26524,3267.0034,3.765543,9.2622136,-18.520685
1537,1.536,-25.093252,-425.96046,3292.1891,3.7747958,9.2434363,-18.691797
1538,1.537,-25.517542,-422.63193,3316.418,3.7840297,9.2244941,-18.858733
1539,1.538,-25.938493,-419.28059,3339.6961,3.7932446,9.2053912,-19.021526
1540,1.539,-26.356081,-415.9074,3362.0297,3.8024403,9.1861316,-19.18021
1541,1.54,-26.770286,-412.51328,3383.4254,3.8116167,9.1667195,-19.334821
1542,1.541,-27.181087,-409.09915,3403.8905,3.8207736,9.1471588,-19.485397
1543,1.542,-27.588465,-405.66595,3423.4323,3.8299109,9.1274535,-19.631979
1544,1.543,-27.992401,-402.21458,3442.0588,3.8390284,9.1076076,-19.774607
1545,1.544,-28.392877,-398.74594,3459.7782,3.848126,9.0876249,-19.913323
1546,1.545,-28.789876,-395.26093,3476.5988,3.8572035,9.0675093,-20.04817
1547,1.546,-29.183382,-391.76043,3492.5296,3.8662609,9.0472646,-20.179195
1548,1.547,-29.573382,-388.24533,3507.5795,3.8752979,9.0268946,-20.306443
1549,1.548,-29.959859,-384.71648,3521.758,3.8843145,9.0064028,-20.42996
1550,1.549,-30.342801,-381.17475,3535.0745,3.8933106,8.9857931,-20.549796
1551,1.55,-30.722196,-377.62098,3547.539,3.902286,8.965069,-20.665997
1552,1.551,-31.098032,-374.05601,3559.1615,3.9112406,8.9442341,-20.778615
1553,1.552,-31.470297,-370.48066,3569.9522,3.9201744,8.9232919,-20.8877
1554,1.553,-31.838983,-366.89575,3579.9215,3.9290871,8.9022458,-20.993302
1555,1.554,-32.20408,-363.30209,3589.0801,3.9379787,8.8810992,-21.095473
1556,1.555,-32.565579,-359.70047,3597.4388,3.9468492,8.8598555,-21.194265
1557,1.556,-32.923473,-356.09168,3605.0084,3.9556984,8.8385181,-21.289731
1558,1.557,-33.277755,-352.47649,3611.7999,3.9645261,8.8170901,-21.381924
1559,1.558,-33.62842,-348.85565,3617.8246,3.9733325,8.7955747,-21.470896
1560,1.559,-33.975461,-345.22992,3623.0937,3.9821172,8.7739751,-21.556702
1561,1.56,-34.318875,-341.60004,3627.6186,3.9908803,8.7522943,-21.639395
1562,1.561,-34.658658,-337.96673,3631.4108,3.9996217,8.7305355,-21.719028
1563,1.562,-34.994806,-334.33072,3634.4816,4.0083413,8.7087015,-21.795656
1564,1.563,-35.327317,-330.69269,3636.8428,4.017039,8.6867953,-21.869333
1565,1.564,-35.656189,-327.05335,3638.506,4.0257148,8.6648198,-21.940112
1566,1.565,-35.981422,-323.41338,3639.4827,4.0343686,8.6427778,-22.008048
1567,1.566,-36.303016,-319.77345,3639.7847,4.0430003,8.6206721,-22.073194
1568,1.567,-36.62097,-316.1342,3639.4238,4.0516099,8.5985052,-22.135604
1569,1.568,-36.935285,-312.4963,3638.4115,4.0601973,8.5762801,-22.195331
1570,1.569,-37.245964,-308.86037,3636.7597,4.0687624,8.5539991,-22.252428
1571,1.57,-37.553008,-305.22703,3634.48,4.0773052,8.5316649,-22.306949
1572,1.571,-37.856421,-301.59689,3631.5842,4.0858257,8.5092799,-22.358945
1573,1.572,-38.156205,-297.97056,3628.0838,4.0943237,8.4868467,-22.40847
1574,1.573,-38.452366,-294.34861,3623.9906,4.1027993,8.4643676,-22.455575
1575,1.574,-38.744907,-290.73163,3619.3162,4.1112524,8.4418449,-22.500311
1576,1.575,-39.033835,-287.12018,3614.072,4.119683,8.4192809,-22.54273
1577,1.576,-39.319154,-283.51481,3608.2697,4.1280909,8.396678,-22.582883
1578,1.577,-39.600871,-279.91607,3601.9206,4.1364763,8.3740382,-22.620818
1579,1.578,-39.878993,-276.32447,3595.0361,4.144839,8.3513637,-22.656587
1580,1.579,-40.153527,-272.74055,3587.6275,4.153179,8.3286567,-22.690238
1581,1.58,-40.424482,-269.16481,3579.7061,4.1614963,8.3059191,-22.721819
1582,1.581,-40.691865,-265.59773,3571.2831,4.1697908,8.2831529,-22.751379
1583,1.582,-40.955686,-262.03982,3562.3695,4.1780625,8.2603601,-22.778964
1584,1.583,-41.215954,-258.49154,3552.9763,4.1863115,8.2375427,-22.804623
1585,1.584,-41.472679,-254.95336,3543.1143,4.1945376,8.2147024,-22.8284
1586,1.585,-41.725871,-251.42572,3532.7945,4.2027409,8.1918411,-22.850342
1587,1.586,-41.975541,-247.90908,3522.0275,4.2109213,8.1689605,-22.870493
1588,1.587,-42.2217,-244.40386,3510.824,4.2190788,8.1460624,-22.888897
1589,1.588,-42.46436,-240.91048,3499.1943,4.2272134,8.1231485,-22.905599
1590,1.589,-42.703533,-237.42935,3487.149,4.2353251,8.1002203,-22.920641
1591,1.59,-42.939232,-233.96088,3474.6982,4.2434138,8.0772795,-22.934065
1592,1.591,-43.171468,-230.50545,3461.8522,4.2514796,8.0543277,-22.945912
1593,1.592,-43.400256,-227.06344,3448.6211,4.2595224,8.0313663,-22.956225
1594,1.593,-43.625609,-223.63523,3435.0147,4.2675423,8.0083969,-22.965042
1595,1.594,-43.84754,-220.22118,3421.0429,4.2755392,7.9854208,-22.972404
1596,1.595,-44.066065,-216.82162,3406.7153,4.2835132,7.9624395,-22.978348
1597,1.596,-44.281198,-213.43692,3392.0417,4.2914641,7.9394543,-22.982914
1598,1.597,-44.492954,-210.06739,3377.0314,4.2993921,7.9164665,-22.986138
1599,1.598,-44.701348,-206.71337,3361.6938,4.307297,7.8934775,-22.988058
1600,1.599,-44.906396,-203.37516,3346.038,4.315179,7.8704885,-22.988708
1601,1.6,-45.108115,-200.05307,3330.0733,4.323038,7.8475006,-22.988125
1602,1.601,-45.306519,-196.74739,3313.8085,4.330874,7.8245152,-22.986343
1603,1.602,-45.501626,-193.45842,3297.2526,4.338687,7.8015333,-22.983395
1604,1.603,-45.693453,-190.18642,3280.4141,4.3464771,7.778556,-22.979315
1605,1.604,-45.882016,-186.93168,3263.3018,4.3542442,7.7555844,-22.974136
1606,1.605,-46.067333,-183.69444,3245.9241,4.3619883,7.7326197,-22.967888
1607,1.606,-46.249422,-180.47497,3228.2893,4.3697094,7.7096627,-22.960604
1608,1.607,-46.428301,-177.2735,3210.4056,4.3774076,7.6867145,-22.952314
1609,1.608,-46.603987,-174.09029,3192.2811,4.3850829,7.6637761,-22.943046
1610,1.609,-46.7765,-170.92554,3173.9239,4.3927352,7.6408484,-22.932831
1611,1.61,-46.945857,-167.77949,3155.3417,4.4003646,7.6179323,-22.921697
1612,1.611,-47.112078,-164.65235,3136.5423,4.407971,7.5950286,-22.909671
1613,1.612,-47.275181,-161.54432,3117.5332,4.4155546,7.5721383,-22.896781
1614,1.613,-47.435186,-158.4556,3098.322,4.4231153,7.5492621,-22.883052
1615,1.614,-47.592111,-155.38639,3078.916,4.4306532,7.5264009,-22.868512
1616,1.615,-47.745978,-152.33686,3059.3223,4.4381681,7.5035553,-22.853184
1617,1.616,-47.896805,-149.3072,3039.5482,4.4456603,7.4807263,-22.837094
1618,1.617,-48.044612,-146.29758,3019.6007,4.4531296,7.4579144,-22.820266
1619,1.618,-48.18942,-143.30815,2999.4865,4.4605761,7.4351205,-22.802722
1620,1.619,-48.331249,-140.33907,2979.2125,4.4679999,7.4123451,-22.784486
1621,1.62,-48.470119,-137.3905,2958.7852,4.4754008,7.389589,-22.765579
1622,1.621,-48.60605,-134.46258,2938.2113,4.4827791,7.3668527,-22.746024
1623,1.622,-48.739065,-131.55544,2917.497,4.4901346,7.344137,-22.725841
1624,1.623,-48.869182,-128.66921,2896.6488,4.4974674,7.3214423,-22.705051
1625,1.624,-48.996424,-125.80403,2875.6728,4.5047775,7.2987694,-22.683673
1626,1.625,-49.120811,-122.96,2854.5751,4.5120649,7.2761186,-22.661727
1627,1.626,-49.242365,-120.13724,2833.3616,4.5193297,7.2534906,-22.639232
1628,1.627,-49.361107,-117.33587,2812.0382,4.5265719,7.2308859,-22.616205
1629,1.628,-49.477058,-114.55597,2790.6107,4.5337915,7.208305,-22.592665
1630,1.629,-49.590241,-111.79765,2769.0846,4.5409886,7.1857484,-22.56863
1631,1.63,-49.700675,-109.06099,2747.4656,4.5481631,7.1632166,-22.544115
1632,1.631,-49.808384,-106.34609,2725.759,4.555315,7.1407099,-22.519136
1633,1.632,-49.913389,-103.65301,2703.9702,4.5624445,7.1182289,-22.493711
1634,1.633,-50.015712,-100.98184,2682.1045,4.5695515,7.095774,-22.467853
1635,1.634,-50.115375,-98.332642,2660.1669,4.5766361,7.0733455,-22.441578
1636,1.635,-50.212399,-95.705482,2638.1625,4.5836982,7.050944,-22.414901
1637,1.636,-50.306808,-93.100419,2616.0963,4.590738,7.0285697,-22.387834
1638,1.637,-50.398622,-90.517507,2593.973,4.5977554,7.006223,-22.360392
1639,1.638,-50.487865,-87.956798,2571.7975,4.6047505,6.9839043,-22.332587
1640,1.639,-50.574558,-85.418335,2549.5743,4.6117232,6.961614,-22.304433
1641,1.64,-50.658724,-82.90216,2527.3081,4.6186737,6.9393523,-22.275941
1642,1.641,-50.740385,-80.408309,2505.0034,4.625602,6.9171196,-22.247123
1643,1.642,-50.819563,-77.936814,2482.6644,4.632508,6.8949161,-22.217991
1644,1.643,-50.896281,-75.487703,2460.2956,4.6393918,6.8727423,-22.188556
1645,1.644,-50.970561,-73.060999,2437.9011,4.6462535,6.8505983,-22.158828
1646,1.645,-51.042425,-70.656722,2415.485,4.6530931,6.8284845,-22.128818
1647,1.646,-51.111897,-68.274887,2393.0515,4.6599105,6.8064011,-22.098535
1648,1.647,-51.178998,-65.915506,2370.6044,4.6667059,6.7843484,-22.067989
1649,1.648,-51.24375,-63.578587,2348.1477,4.6734792,6.7623266,-22.03719
1650,1.649,-51.306177,-61.264133,2325.6852,4.6802306,6.740336,-22.006147
1651,1.65,-51.366301,-58.972145,2303.2205,4.6869599,6.7183768,-21.974867
1652,1.651,-51.424144,-56.702619,2280.7573,4.6936674,6.6964492,-21.943359
1653,1.652,-51.479729,-54.455549,2258.2992,4.7003529,6.6745534,-21.911631
1654,1.653,-51.533077,-52.230924,2235.8497,4.7070165,6.6526897,-21.879691
1655,1.654,-51.584213,-50.02873,2213.4122,4.7136583,6.6308582,-21.847547
1656,1.655,-51.633157,-47.848951,2190.9901,4.7202782,6.6090592,-21.815204
1657,1.656,-51.679933,-45.691566,2168.5866,4.7268764,6.5872928,-21.78267
1658,1.657,-51.724563,-43.556552,2146.205,4.7334529,6.5655592,-21.749952
1659,1.658,-51.767069,-41.443882,2123.8483,4.7400076,6.5438586,-21.717055
1660,1.659,-51.807473,-39.353527,2101.5196,4.7465406,6.5221911,-21.683986
1661,1.66,-51.845798,-37.285454,2079.2221,4.753052,6.500557,-21.650751
1662,1.661,-51.882066,-35.239627,2056.9585,4.7595418,6.4789563,-21.617354
1663,1.662,-51.9163,-33.216009,2034.7317,4.7660099,6.4573893,-21.583801
1664,1.663,-51.94852,-31.214558,2012.5447,4.7724566,6.4358561,-21.550097
1665,1.664,-51.978751,-29.23523,1990.4,4.7788817,6.4143567,-21.516247
1666,1.665,-52.007013,-27.277979,1968.3004,4.7852853,6.3928915,-21.482256
1667,1.666,-52.033329,-25.342757,1946.2486,4.7916675,6.3714604,-21.448127
1668,1.667,-52.05772,-23.42951,1924.247,4.7980283,6.3500637,-21.413865
1669,1.668,-52.08021,-21.538186,1902.2983,4.8043677,6.3287014,-21.379474
1670,1.669,-52.100819,-19.668728,1880.4047,4.8106857,6.3073737,-21.344957
1671,1.67,-52.119569,-17.821078,1858.5688,4.8169824,6.2860807,-21.310318
1672,1.671,-52.136483,-15.995173,1836.7929,4.8232579,6.2648225,-21.275561
1673,1.672,-52.151581,-14.19095,1815.0792,4.8295121,6.2435993,-21.240689
1674,1.673,-52.164886,-12.408345,1793.4299,4.8357451,6.2224111,-21.205704
1675,1.674,-52.176419,-10.647289,1771.8473,4.841957,6.201258,-21.17061
1676,1.675,-52.186202,-8.9077127,1750.3334,4.8481477,6.1801402,-21.135408
1677,1.676,-52.194256,-7.1895439,1728.8903,4.8543173,6.1590577,-21.100103
1678,1.677,-52.200603,-5.4927089,1707.5201,4.8604658,6.1380107,-21.064696
1679,1.678,-52.205263,-3.8171319,1686.2247,4.8665934,6.1169993,-21.029189
1680,1.679,-52.208258,-2.1627352,1665.006,4.8726999,6.0960235,-20.993585
1681,1.68,-52.20961,-0.52943937,1643.8659,4.8787854,6.0750835,-20.957885
1682,1.681,-52.209338,1.082837,1622.8062,4.8848501,6.0541793,-20.922091
1683,1.682,-52.207465,2.674177,1601.8287,4.8908938,6.033311,-20.886205
1684,1.683,-52.204011,4.2446653,1580.9351,4.8969167,6.0124788,-20.850229
1685,1.684,-52.198996,5.7943884,1560.1271,4.9029188,5.9916827,-20.814164
1686,1.685,-52.192443,7.3234344,1539.4064,4.9089001,5.9709227,-20.778011
1687,1.686,-52.18437,8.8318929,1518.7744,4.9148607,5.9501991,-20.741772
1688,1.687,-52.174799,10.319855,1498.2329,4.9208006,5.9295118,-20.705448
1689,1.688,-52.163751,11.787413,1477.7833,4.9267198,5.908861,-20.669039
1690,1.689,-52.151245,13.234662,1457.427,4.9326183,5.8882467,-20.632548
1691,1.69,-52.137302,14.661697,1437.1655,4.9384963,5.867669,-20.595974
1692,1.691,-52.121942,16.068614,1417.0001,4.9443537,5.847128,-20.559318
1693,1.692,-52.105185,17.455513,1396.9323,4.9501906,5.8266238,-20.522582
1694,1.693,-52.087051,18.822492,1376.9634,4.956007,5.8061564,-20.485765
1695,1.694,-52.06756,20.169652,1357.0945,4.9618029,5.785726,-20.448868
1696,1.695,-52.046731,21.497095,1337.3269,4.9675785,5.7653326,-20.411892
1697,1.696,-52.024585,22.804924,1317.6619,4.9733336,5.7449763,-20.374838
1698,1.697,-52.001141,24.093244,1298.1005,4.9790685,5.7246571,-20.337704
1699,1.698,-51.976418,25.36216,1278.6439,4.984783,5.7043752,-20.300493
1700,1.699,-51.950436,26.611778,1259.2932,4.9904773,5.6841307,-20.263203
1701,1.7,-51.923214,27.842205,1240.0494,4.9961513,5.6639235,-20.225836
1702,1.701,-51.894771,29.053551,1220.9136,5.0018051,5.6437539,-20.18839
1703,1.702,-51.865126,30.245924,1201.8866,5.0074388,5.6236218,-20.150867
1704,1.703,-51.834298,31.419435,1182.9695,5.0130524,5.6035273,-20.113266
1705,1.704,-51.802306,32.574195,1164.1632,5.0186459,5.5834705,-20.075587
1706,1.705,-51.769168,33.710316,1145.4686,5.0242194,5.5634516,-20.03783
1707,1.706,-51.734903,34.827911,1126.8864,5.0297729,5.5434705,-19.999994
1708,1.707,-51.699531,35.927095,1108.4176,5.0353064,5.5235274,-19.962081
1709,1.708,-51.663068,37.00798,1090.0628,5.04082,5.5036223,-19.924089
1710,1.709,-51.625533,38.070683,1071.823,5.0463137,5.4837553,-19.886019
1711,1.71,-51.586944,39.11532,1053.6987,5.0517875,5.4639265,-19.847869
1712,1.711,-51.54732,40.142006,1035.6906,5.0572416,5.444136,-19.809641
1713,1.712,-51.506678,41.15086,1017.7995,5.0626758,5.4243838,-19.771332
1714,1.713,-51.465036,42.141999,1000.026,5.0680904,5.4046701,-19.732944
1715,1.714,-51.422412,43.115542,982.37067,5.0734852,5.3849948,-19.694476
1716,1.715,-51.378823,44.071608,964.8341,5.0788604,5.3653582,-19.655927
1717,1.716,-51.334286,45.010316,947.41683,5.084216,5.3457602,-19.617297
1718,1.717,-51.288819,45.931787,930.11941,5.0895519,5.326201,-19.578586
1719,1.718,-51.24244,46.836141,912.94231,5.0948684,5.3066806,-19.539793
1720,1.719,-51.195164,47.723499,895.88603,5.1001653,5.2871991,-19.500918
1721,1.72,-51.14701,48.593982,878.951,5.1054428,5.2677566,-19.46196
1722,1.721,-51.097993,49.447713,862.13764,5.1107009,5.2483532,-19.422919
1723,1.722,-51.048131,50.284814,845.44634,5.1159396,5.228989,-19.383794
1724,1.723,-50.99744,51.105407,828.87749,5.1211589,5.209664,-19.344586
1725,1.724,-50.945937,51.909615,812.43141,5.1263589,5.1903783,-19.305293
1726,1.725,-50.893637,52.697562,796.10844,5.1315397,5.1711321,-19.265916
1727,1.726,-50.840558,53.469371,779.90888,5.1367013,5.1519254,-19.226453
1728,1.727,-50.786714,54.225166,763.83298,5.1418436,5.1327583,-19.186904
1729,1.728,-50.732123,54.965072,747.88102,5.1469668,5.1136308,-19.14727
1730,1.729,-50.6768,55.689211,732.05321,5.1520709,5.0945431,-19.107549
1731,1.73,-50.620761,56.397709,716.34976,5.1571559,5.0754953,-19.06774
1732,1.731,-50.56402,57.09069,700.77086,5.1622219,5.0564874,-19.027845
1733,1.732,-50.506595,57.76828,685.31667,5.1672689,5.0375195,-18.987862
1734,1.733,-50.448499,58.430603,669.98734,5.172297,5.0185918,-18.94779
1735,1.734,-50.389749,59.077783,654.78297,5.1773062,4.9997042,-18.90763
1736,1.735,-50.330359,59.709947,639.70368,5.1822965,4.980857,-18.867382
1737,1.736,-50.270344,60.32722,624.74954,5.1872679,4.9620501,-18.827044
1738,1.737,-50.209719,60.929726,609.92061,5.1922206,4.9432837,-18.786616
1739,1.738,-50.148499,61.517591,595.21693,5.1971545,4.9245578,-18.746099
1740,1.739,-50.086698,62.09094,580.63853,5.2020698,4.9058727,-18.705491
1741,1.74,-50.024331,62.649899,566.1854,5.2069663,4.8872282,-18.664793
1742,1.741,-49.961413,63.194593,551.85753,5.2118443,4.8686246,-18.624004
1743,1.742,-49.897956,63.725146,537.65489,5.2167036,4.8500619,-18.583124
1744,1.743,-49.833977,64.241685,523.57741,5.2215444,4.8315403,-18.542153
1745,1.744,-49.769487,64.744334,509.62504,5.2263667,4.8130597,-18.50109
1746,1.745,-49.704502,65.233218,495.79767,5.2311706,4.7946203,-18.459936
1747,1.746,-49.639034,65.708462,482.09521,5.235956,4.7762223,-18.41869
1748,1.747,-49.573098,66.170191,468.51753,5.2407231,4.7578656,-18.377353
1749,1.748,-49.506707,66.618529,455.06449,5.2454718,4.7395504,-18.335923
1750,1.749,-49.439875,67.0536,441.73594,5.2502022,4.7212767,-18.294401
1751,1.75,-49.372613,67.47553,428.53171,5.2549144,4.7030448,-18.252787
1752,1.751,-49.304937,67.884441,415.4516,5.2596083,4.6848545,-18.211081
1753,1.752,-49.236857,68.280459,402.49542,5.2642841,4.6667061,-18.169282
1754,1.753,-49.168389,68.663705,389.66295,5.2689418,4.6485997,-18.127391
1755,1.754,-49.099543,69.034305,376.95395,5.2735814,4.6305353,-18.085408
1756,1.755,-49.030333,69.39238,364.36818,5.2782029,4.612513,-18.043333
1757,1.756,-48.96077,69.738054,351.90537,5.2828064,4.5945329,-18.001166
1758,1.757,-48.890869,70.071449,339.56525,5.287392,4.5765951,-17.958907
1759,1.758,-48.82064,70.392688,327.34753,5.2919597,4.5586998,-17.916556
1760,1.759,-48.750096,70.701892,315.2519,5.2965095,4.5408469,-17.874113
1761,1.76,-48.679248,70.999183,303.27805,5.3010414,4.5230365,-17.831579
1762,1.761,-48.608109,71.284683,291.42565,5.3055556,4.5052689,-17.788954
1763,1.762,-48.53669,71.558511,279.69435,5.310052,4.487544,-17.746238
1764,1.763,-48.465004,71.82079,268.08381,5.3145307,4.469862,-17.703431
1765,1.764,-48.39306,72.071638,256.59364,5.3189918,4.4522229,-17.660533
1766,1.765,-48.320872,72.311177,245.22347,5.3234352,4.4346269,-17.617545
1767,1.766,-48.248449,72.539524,233.97292,5.3278611,4.4170739,-17.574468
1768,1.767,-48.175804,72.7568,222.84157,5.3322694,4.3995642,-17.531301
1769,1.768,-48.102947,72.963123,211.82902,5.3366602,4.3820978,-17.488045
1770,1.769,-48.029888,73.158611,200.93484,5.3410336,4.3646748,-17.444701
1771,1.77,-47.95664,73.343381,190.15858,5.3453896,4.3472952,-17.401268
1772,1.771,-47.883212,73.517552,179.49981,5.3497283,4.3299592,-17.357748
1773,1.772,-47.809616,73.681239,168.95807,5.3540496,4.3126669,-17.314141
1774,1.773,-47.73586,73.834559,158.53289,5.3583536,4.2954183,-17.270448
1775,1.774,-47.661957,73.977628,148.22379,5.3626405,4.2782135,-17.226668
1776,1.775,-47.587915,74.110562,138.03029,5.3669101,4.2610526,-17.182803
1777,1.776,-47.513746,74.233475,127.95189,5.3711626,4.2439358,-17.138853
1778,1.777,-47.439458,74.346481,117.98809,5.375398,4.226863,-17.094819
1779,1.778,-47.365063,74.449694,108.13836,5.3796164,4.2098343,-17.050702
1780,1.779,-47.290569,74.543229,98.402199,5.3838177,4.1928499,-17.006502
1781,1.78,-47.215986,74.627196,88.779061,5.3880021,4.1759098,-16.96222
1782,1.781,-47.141324,74.701709,79.268411,5.3921696,4.1590142,-16.917857
1783,1.782,-47.066592,74.766879,69.869702,5.3963202,4.142163,-16.873413
1784,1.783,-46.991799,74.822818,60.582377,5.400454,4.1253563,-16.828889
1785,1.784,-46.916955,74.869636,51.405873,5.404571,4.1085944,-16.784287
1786,1.785,-46.842069,74.907442,42.339621,5.4086712,4.0918771,-16.739607
1787,1.786,-46.767149,74.936347,33.383043,5.4127548,4.0752046,-16.694849
1788,1.787,-46.692205,74.956459,24.535554,5.4168217,4.058577,-16.650016
1789,1.788,-46.617245,74.967886,15.796563,5.420872,4.0419944,-16.605107
1790,1.789,-46.542278,74.970736,7.1654717,5.4249057,4.0254567,-16.560123
1791,1.79,-46.467312,74.965116,-1.3583233,5.4289229,4.0089642,-16.515067
1792,1.791,-46.392356,74.951132,-9.7754325,5.4329237,3.9925168,-16.469937
1793,1.792,-46.317418,74.92889,-18.086472,5.436908,3.9761147,-16.424737
1794,1.793,-46.242507,74.898495,-26.292064,5.4408759,3.9597579,-16.379466
1795,1.794,-46.167629,74.860052,-34.392836,5.4448276,3.9434464,-16.334125
1796,1.795,-46.092795,74.813664,-42.38942,5.4487629,3.9271804,-16.288717
1797,1.796,-46.01801,74.759435,-50.282454,5.452682,3.9109599,-16.243241
1798,1.797,-45.943283,74.697467,-58.072582,5.4565848,3.894785,-16.197699
1799,1.798,-45.868623,74.627863,-65.76045,5.4604716,3.8786557,-16.152092
1800,1.799,-45.794035,74.550723,-73.346711,5.4643422,3.8625721,-16.106422
1801,1.8,-45.719529,74.466148,-80.832021,5.4681968,3.8465343,-16.060689
1802,1.801,-45.64511,74.374239,-88.217042,5.4720353,3.8305423,-16.014894
1803,1.802,-45.570788,74.275094,-95.502437,5.4758579,3.8145962,-15.969039
1804,1.803,-45.496567,74.168812,-102.68888,5.4796646,3.798696,-15.923126
1805,1.804,-45.422457,74.05549,-109.77703,5.4834553,3.7828418,-15.877154
1806,1.805,-45.348463,73.935228,-116.76757,5.4872303,3.7670337,-15.831126
1807,1.806,-45.274593,73.80812,-123.66119,5.4909894,3.7512717,-15.785043
1808,1.807,-45.200854,73.674262,-130.45855,5.4947329,3.7355559,-15.738905
1809,1.808,-45.127252,73.533751,-137.16036,5.4984606,3.7198862,-15.692716
1810,1.809,-45.053793,73.38668,-143.76729,5.5021727,3.7042629,-15.646474
1811,1.81,-44.980485,73.233144,-150.28003,5.5058692,3.6886859,-15.600183
1812,1.811,-44.907333,73.073235,-156.69928,5.5095501,3.6731552,-15.553843
1813,1.812,-44.834345,72.907046,-163.02574,5.5132155,3.6576709,-15.507456
1814,1.813,-44.761525,72.734669,-169.26009,5.5168655,3.6422331,-15.461023
1815,1.814,-44.688881,72.556194,-175.40305,5.5205,3.6268418,-15.414545
1816,1.815,-44.616419,72.371713,-181.4553,5.5241192,3.611497,-15.368024
1817,1.816,-44.544144,72.181314,-187.41756,5.5277231,3.5961989,-15.321461
1818,1.817,-44.472062,71.985087,-193.29053,5.5313117,3.5809473,-15.274858
1819,1.818,-44.40018,71.78312,-199.0749,5.534885,3.5657424,-15.228216
1820,1.819,-44.328502,71.5755,-204.7714,5.5384432,3.5505842,-15.181536
1821,1.82,-44.257034,71.362315,-210.38073,5.5419862,3.5354728,-15.134821
1822,1.821,-44.185783,71.14365,-215.90359,5.5455142,3.5204081,-15.08807
1823,1.822,-44.114752,70.919591,-221.3407,5.5490271,3.5053902,-15.041287
1824,1.823,-44.043949,70.690222,-226.69277,5.552525,3.4904191,-14.994472
1825,1.824,-43.973377,70.455628,-231.9605,5.556008,3.4754949,-14.947626
1826,1.825,-43.903043,70.215891,-237.14461,5.5594761,3.4606176,-14.900752
1827,1.826,-43.832951,69.971094,-242.24581,5.5629293,3.4457872,-14.853851
1828,1.827,-43.763106,69.72132,-247.26481,5.5663677,3.4310037,-14.806924
1829,1.828,-43.693513,69.466649,-252.20232,5.5697913,3.4162672,-14.759972
1830,1.829,-43.624177,69.207162,-257.05906,5.5732003,3.4015777,-14.712998
1831,1.83,-43.555103,68.942938,-261.83573,5.5765945,3.3869352,-14.666002
1832,1.831,-43.486296,68.674056,-266.53304,5.5799742,3.3723397,-14.618987
1833,1.832,-43.41776,68.400595,-271.15171,5.5833393,3.3577913,-14.571954
1834,1.833,-43.349499,68.122632,-275.69244,5.5866898,3.3432899,-14.524904
1835,1.834,-43.281519,67.840244,-280.15595,5.5900259,3.3288356,-14.477839
1836,1.835,-43.213823,67.553508,-284.54294,5.5933475,3.3144284,-14.43076
1837,1.836,-43.146416,67.262498,-288.85411,5.5966548,3.3000683,-14.383669
1838,1.837,-43.079302,66.96729,-293.09018,5.5999477,3.2857552,-14.336567
1839,1.838,-43.012486,66.667957,-297.25184,5.6032263,3.2714893,-14.289456
1840,1.839,-42.945971,66.364574,-301.33981,5.6064907,3.2572706,-14.242338
1841,1.84,-42.879761,66.057211,-305.35478,5.6097409,3.2430989,-14.195214
1842,1.841,-42.81386,65.745942,-309.29745,5.612977,3.2289744,-14.148085
1843,1.842,-42.748273,65.430838,-313.16853,5.6161989,3.214897,-14.100953
1844,1.843,-42.683002,65.11197,-316.96871,5.6194068,3.2008668,-14.053821
1845,1.844,-42.618052,64.789406,-320.69868,5.6226007,3.1868836,-14.006688
1846,1.845,-42.553427,64.463217,-324.35914,5.6257806,3.1729476,-13.959556
1847,1.846,-42.48913,64.13347,-327.95077,5.6289467,3.1590588,-13.912429
1848,1.847,-42.425164,63.800234,-331.47428,5.6320988,3.145217,-13.865305
1849,1.848,-42.361533,63.463576,-334.93035,5.6352371,3.1314224,-13.818188
1850,1.849,-42.29824,63.123561,-338.31965,5.6383617,3.1176749,-13.771079
1851,1.85,-42.235289,62.780257,-341.64288,5.6414725,3.1039744,-13.723979
1852,1.851,-42.172683,62.433727,-344.90072,5.6445697,3.0903211,-13.67689
1853,1.852,-42.110425,62.084037,-348.09384,5.6476532,3.0767148,-13.629813
1854,1.853,-42.048518,61.731249,-351.22291,5.6507232,3.0631556,-13.58275
1855,1.854,-41.986965,61.375428,-354.28862,5.6537796,3.0496434,-13.535703
1856,1.855,-41.92577,61.016635,-357.29163,5.6568225,3.0361783,-13.488672
1857,1.856,-41.864935,60.654932,-360.2326,5.659852,3.0227601,-13.44166
1858,1.857,-41.804463,60.29038,-363.11221,5.6628681,3.0093889,-13.394667
1859,1.858,-41.744357,59.923039,-365.93112,5.6658708,2.9960647,-13.347696
1860,1.859,-41.68462,59.55297,-368.68997,5.6688602,2.9827875,-13.300747
1861,1.86,-41.625254,59.18023,-371.38944,5.6718364,2.9695571,-13.253823
1862,1.861,-41.566262,58.80488,-374.03016,5.6747994,2.9563736,-13.206924
1863,1.862,-41.507646,58.426976,-376.6128,5.6777492,2.943237,-13.160053
1864,1.863,-41.44941,58.046575,-379.13799,5.6806859,2.9301472,-13.11321
1865,1.864,-41.391556,57.663735,-381.60639,5.6836096,2.9171042,-13.066398
1866,1.865,-41.334085,57.27851,-384.01862,5.6865202,2.904108,-13.019616
1867,1.866,-41.277001,56.890956,-386.37533,5.6894178,2.8911585,-12.972868
1868,1.867,-41.220306,56.501128,-388.67714,5.6923025,2.8782557,-12.926154
1869,1.868,-41.164001,56.10908,-390.9247,5.6951744,2.8653996,-12.879476
1870,1.869,-41.10809,55.714864,-393.11862,5.6980334,2.8525901,-12.832835
1871,1.87,-41.052574,55.318534,-395.25952,5.7008796,2.8398271,-12.786233
1872,1.871,-40.997455,54.920142,-397.34803,5.7037131,2.8271107,-12.739671
1873,1.872,-40.942735,54.519739,-399.38476,5.7065339,2.8144409,-12.69315
1874,1.873,-40.888417,54.117376,-401.37032,5.709342,2.8018174,-12.646671
1875,1.874,-40.834502,53.713103,-403.30531,5.7121376,2.7892404,-12.600237
1876,1.875,-40.780993,53.30697,-405.19036,5.7149205,2.7767097,-12.553848
1877,1.876,-40.72789,52.899026,-407.02604,5.717691,2.7642254,-12.507506
1878,1.877,-40.675197,52.48932,-408.81296,5.720449,2.7517873,-12.461212
1879,1.878,-40.622913,52.077899,-410.55172,5.7231946,2.7393955,-12.414968
1880,1.879,-40.571043,51.66481,-412.24289,5.7259279,2.7270498,-12.368774
1881,1.88,-40.519585,51.250101,-413.88707,5.7286488,2.7147503,-12.322632
1882,1.881,-40.468544,50.833817,-415.48484,5.7313574,2.7024968,-12.276544
1883,1.882,-40.417919,50.416004,-417.03677,5.7340538,2.6902893,-12.23051
1884,1.883,-40.367713,49.996708,-418.54343,5.7367381,2.6781277,-12.184532
1885,1.884,-40.317927,49.575971,-420.0054,5.7394101,2.6660121,-12.138611
1886,1.885,-40.268563,49.153839,-421.42323,5.7420701,2.6539423,-12.092748
1887,1.886,-40.219621,48.730355,-422.7975,5.7447181,2.6419182,-12.046945
1888,1.887,-40.171103,48.30556,-424.12875,5.747354,2.6299399,-12.001203
1889,1.888,-40.123011,47.879498,-425.41754,5.749978,2.6180072,-11.955523
1890,1.889,-40.075346,47.45221,-426.66441,5.7525901,2.6061201,-11.909906
1891,1.89,-40.028108,47.023738,-427.86991,5.7551903,2.5942785,-11.864354
1892,1.891,-39.981299,46.594121,-429.03459,5.7577787,2.5824824,-11.818867
1893,1.892,-39.934921,46.1634,-430.15897,5.7603553,2.5707317,-11.773447
1894,1.893,-39.888974,45.731614,-431.24358,5.7629202,2.5590262,-11.728095
1895,1.894,-39.843459,45.298802,-432.28896,5.7654734,2.5473661,-11.682811
1896,1.895,-39.798377,44.865003,-433.29563,5.768015,2.5357511,-11.637598
1897,1.896,-39.75373,44.430255,-434.26411,5.7705449,2.5241812,-11.592457
1898,1.897,-39.709518,43.994594,-435.19491,5.7730634,2.5126563,-11.547387
1899,1.898,-39.665741,43.558059,-436.08854,5.7755703,2.5011765,-11.502391
1900,1.899,-39.622402,43.120685,-436.94551,5.7780658,2.4897414,-11.45747
1901,1.9,-39.579501,42.682508,-437.76632,5.7805498,2.4783512,-11.412624
1902,1.901,-39.537038,42.243564,-438.55147,5.7830225,2.4670058,-11.367855
1903,1.902,-39.495015,41.803888,-439.30145,5.7854839,2.455705,-11.323164
1904,1.903,-39.453431,41.363513,-440.01675,5.787934,2.4444487,-11.278551
1905,1.904,-39.412288,40.922475,-440.69786,5.7903728,2.433237,-11.234018
1906,1.905,-39.371587,40.480806,-441.34525,5.7928005,2.4220696,-11.189566
1907,1.906,-39.331327,40.03854,-441.95941,5.795217,2.4109466,-11.145196
1908,1.907,-39.29151,39.595708,-442.5408,5.7976224,2.3998678,-11.100908
1909,1.908,-39.252136,39.152344,-443.0899,5.8000168,2.3888332,-11.056704
1910,1.909,-39.213206,38.708478,-443.60717,5.8024001,2.3778427,-11.012585
1911,1.91,-39.17472,38.264142,-444.09306,5.8047725,2.3668962,-10.968551
1912,1.911,-39.136678,37.819366,-444.54803,5.807134,2.3559936,-10.924603
1913,1.912,-39.099082,37.374182,-444.97254,5.8094845,2.3451347,-10.880743
1914,1.913,-39.06193,36.928617,-445.36703,5.8118243,2.3343197,-10.836972
1915,1.914,-39.025225,36.482703,-445.73195,5.8141532,2.3235482,-10.793289
1916,1.915,-38.988965,36.036467,-446.06772,5.8164714,2.3128203,-10.749697
1917,1.916,-38.953152,35.589939,-446.3748,5.8187789,2.3021359,-10.706195
1918,1.917,-38.917786,35.143146,-446.65359,5.8210757,2.2914948,-10.662785
1919,1.918,-38.882866,34.696116,-446.90454,5.8233619,2.280897,-10.619468
1920,1.919,-38.848394,34.248876,-447.12807,5.8256376,2.2703423,-10.576244
1921,1.92,-38.814368,33.801453,-447.32458,5.8279027,2.2598308,-10.533115
1922,1.921,-38.780791,33.353874,-447.49451,5.8301573,2.2493622,-10.49008
1923,1.922,-38.747661,32.906164,-447.63824,5.8324014,2.2389366,-10.447141
1924,1.923,-38.714979,32.458349,-447.7562,5.8346352,2.2285537,-10.404299
1925,1.924,-38.682744,32.010453,-447.84877,5.8368586,2.2182135,-10.361554
1926,1.925,-38.650958,31.562503,-447.91637,5.8390717,2.2079159,-10.318907
1927,1.926,-38.619619,31.114522,-447.95937,5.8412745,2.1976608,-10.276359
1928,1.927,-38.588729,30.666535,-447.97818,5.843467,2.1874481,-10.23391
1929,1.928,-38.558286,30.218564,-447.97317,5.8456494,2.1772778,-10.191562
1930,1.929,-38.528292,29.770634,-447.94473,5.8478216,2.1671496,-10.149314
1931,1.93,-38.498745,29.322766,-447.89323,5.8499837,2.1570635,-10.107168
1932,1.931,-38.469646,28.874984,-447.81904,5.8521358,2.1470194,-10.065124
1933,1.932,-38.440995,28.42731,-447.72254,5.8542778,2.1370172,-10.023183
1934,1.933,-38.412791,27.979765,-447.60409,5.8564099,2.1270567,-9.981346
1935,1.934,-38.385035,27.532371,-447.46405,5.858532,2.117138,-9.9396127
1936,1.935,-38.357726,27.085149,-447.30278,5.8606442,2.1072608,-9.8979842
1937,1.936,-38.330865,26.638119,-447.12063,5.8627465,2.0974251,-9.8564611
1938,1.937,-38.30445,26.191303,-446.91795,5.8648391,2.0876308,-9.815044
1939,1.938,-38.278482,25.744719,-446.69508,5.8669218,2.0778777,-9.7737334
1940,1.939,-38.25296,25.298388,-446.45238,5.8689949,2.0681658,-9.7325299
1941,1.94,-38.227885,24.852329,-446.19017,5.8710582,2.0584949,-9.6914341
1942,1.941,-38.203255,24.406561,-445.90879,5.8731119,2.0488649,-9.6504465
1943,1.942,-38.179071,23.961102,-445.60857,5.875156,2.0392758,-9.6095677
1944,1.943,-38.155333,23.515972,-445.28984,5.8771905,2.0297274,-9.5687981
1945,1.944,-38.132039,23.071188,-444.95292,5.8792155,2.0202196,-9.5281382
1946,1.945,-38.10919,22.626767,-444.59813,5.881231,2.0107523,-9.4875887
1947,1.946,-38.086785,22.182727,-444.22578,5.883237,2.0013253,-9.4471498
1948,1.947,-38.064824,21.739086,-443.8362,5.8852337,1.9919387,-9.4068222
1949,1.948,-38.043307,21.295859,-443.42967,5.8872209,1.9825922,-9.3666063
1950,1.949,-38.022232,20.853064,-443.00652,5.8891989,1.9732857,-9.3265025
1951,1.95,-38.0016,20.410717,-442.56704,5.8911676,1.9640192,-9.2865113
1952,1.951,-37.98141,19.968833,-442.11153,5.893127,1.9547925,-9.2466331
1953,1.952,-37.961662,19.527429,-441.64028,5.8950772,1.9456055,-9.2068683
1954,1.953,-37.942355,19.086518,-441.15359,5.8970182,1.9364581,-9.1672173
1955,1.954,-37.923488,18.646118,-440.65174,5.8989501,1.9273502,-9.1276805
1956,1.955,-37.905062,18.206241,-440.13501,5.900873,1.9182817,-9.0882583
1957,1.956,-37.887075,17.766903,-439.60369,5.9027867,1.9092524,-9.048951
1958,1.957,-37.869528,17.328118,-439.05805,5.9046915,1.9002622,-9.0097591
1959,1.958,-37.852419,16.889899,-438.49837,5.9065873,1.8913111,-8.9706829
1960,1.959,-37.835747,16.452261,-437.92491,5.9084742,1.8823988,-8.9317227
1961,1.96,-37.819513,16.015217,-437.33795,5.9103521,1.8735254,-8.8928788
1962,1.961,-37.803716,15.578779,-436.73774,5.9122213,1.8646906,-8.8541516
1963,1.962,-37.788355,15.142961,-436.12455,5.9140816,1.8558943,-8.8155413
1964,1.963,-37.77343,14.707775,-435.49863,5.9159331,1.8471365,-8.7770484
1965,1.964,-37.758939,14.273234,-434.86024,5.9177759,1.8384171,-8.7386729
1966,1.965,-37.744883,13.83935,-434.20962,5.91961,1.8297358,-8.7004153
1967,1.966,-37.73126,13.406134,-433.54704,5.9214354,1.8210926,-8.6622758
1968,1.967,-37.71807,12.973599,-432.87272,5.9232522,1.8124873,-8.6242547
1969,1.968,-37.705312,12.541755,-432.18691,5.9250604,1.8039199,-8.5863522
1970,1.969,-37.692985,12.110613,-431.48986,5.9268601,1.7953902,-8.5485685
1971,1.97,-37.68109,11.680186,-430.78179,5.9286512,1.7868982,-8.5109039
1972,1.971,-37.669624,11.250482,-430.06293,5.9304339,1.7784436,-8.4733586
1973,1.972,-37.658588,10.821513,-429.33352,5.9322081,1.7700264,-8.4359328
1974,1.973,-37.647981,10.393289,-428.59378,5.933974,1.7616464,-8.3986266
1975,1.974,-37.637801,9.9658203,-427.84394,5.9357315,1.7533035,-8.3614404
1976,1.975,-37.628048,9.5391159,-427.08421,5.9374806,1.7449977,-8.3243743
1977,1.976,-37.618722,9.1131858,-426.31481,5.9392215,1.7367288,-8.2874284
1978,1.977,-37.609821,8.6880393,-425.53596,5.9409541,1.7284966,-8.2506029
1979,1.978,-37.601345,8.2636855,-424.74787,5.9426785,1.720301,-8.213898
1980,1.979,-37.593293,7.8401333,-423.95074,5.9443948,1.712142,-8.1773138
1981,1.98,-37.585664,7.4173915,-423.14479,5.9461028,1.7040194,-8.1408504
1982,1.981,-37.578457,6.9954686,-422.33021,5.9478028,1.695933,-8.1045081
1983,1.982,-37.571672,6.5743728,-421.50721,5.9494947,1.6878829,-8.0682868
1984,1.983,-37.565308,6.1541125,-420.67599,5.9511786,1.6798687,-8.0321867
1985,1.984,-37.559363,5.7346954,-419.83673,5.9528545,1.6718905,-7.996208
1986,1.985,-37.553837,5.3161293,-418.98963,5.9545224,1.6639481,-7.9603507
1987,1.986,-37.54873,4.8984218,-418.13489,5.9561825,1.6560413,-7.9246148
1988,1.987,-37.54404,4.4815802,-417.27268,5.9578346,1.6481701,-7.8890006
1989,1.988,-37.539766,4.0656117,-416.4032,5.9594788,1.6403344,-7.853508
1990,1.989,-37.535908,3.6505234,-415.52662,5.9611153,1.6325339,-7.8181371
1991,1.99,-37.532464,3.236322,-414.64312,5.9627439,1.6247687,-7.782888
1992,1.991,-37.529434,2.8230142,-413.75289,5.9643648,1.6170385,-7.7477607
1993,1.992,-37.526817,2.4106066,-412.85609,5.965978,1.6093432,-7.7127552
1994,1.993,-37.524612,1.9991053,-411.9529,5.9675836,1.6016828,-7.6778717
1995,1.994,-37.522818,1.5885165,-411.04348,5.9691814,1.5940571,-7.64311
1996,1.995,-37.521434,1.1788462,-410.12801,5.9707717,1.5864659,-7.6084703
1997,1.996,-37.520459,0.77010023,-409.20665,5.9723544,1.5789092,-7.5739526
1998,1.997,-37.519893,0.36228421,-408.27956,5.9739296,1.5713869,-7.5395568
1999,1.998,-37.519734,-0.044596356,-407.3469,5.9754972,1.5638987,-7.5052829
2000,1.999,-37.519981,-0.45053615,-406.40883,5.9770574,1.5564447,-7.471131
2001,2,-37.520634,-0.85552998,-405.4655,5.9786101,1.5490246,-7.437101
